nom_dpto;nom_prov;nom_dist;clasificac;est_nombre;est_coduni;layer;X;X_1
AMAZONAS;BAGUA;ARAMANGO;CENTROS DE SALUD O CENTROS MEDICOS;ARAMANGO;00005053;Centro de Salud;9597269.878603;192188.212648
AMAZONAS;BAGUA;ARAMANGO;CENTROS DE SALUD O CENTROS MEDICOS;EL MUYO;00005056;Centro de Salud;9399883.430043;116922.628624
AMAZONAS;BAGUA;ARAMANGO;CENTROS DE SALUD O CENTROS MEDICOS;EL PORVENIR DE ARAMANGO;00005057;Centro de Salud;9392714.574469;120115.322430
AMAZONAS;BAGUA;BAGUA;CENTROS DE SALUD O CENTROS MEDICOS;BAGUA;00006998;Centro de Salud;9376367.049877;108593.963941
AMAZONAS;BAGUA;BAGUA;CENTROS DE SALUD O CENTROS MEDICOS;BAGUA MEDIKAL BREVETES S.R.L.;00027200;Centro de Salud;9375836.398726;108752.513320
AMAZONAS;BAGUA;BAGUA;CENTROS DE SALUD O CENTROS MEDICOS;CENTRO DE SALUD MENTAL COMUNITARIO BAGUA;00025390;Centro de Salud;9375979.026760;108529.743165
AMAZONAS;BAGUA;BAGUA;CENTROS DE SALUD O CENTROS MEDICOS;CENTRO DE SALUD MENTAL COMUNITARIO BAGUA;00027434;Centro de Salud;9375298.034755;109465.865434
AMAZONAS;BAGUA;BAGUA;CENTROS DE SALUD O CENTROS MEDICOS;CENTRO MEDICO HERSEL;00026829;Centro de Salud;9375967.144671;108396.671423
AMAZONAS;BAGUA;BAGUA;CENTROS DE SALUD O CENTROS MEDICOS;CL?ÏNICA AMAZONAS;00025701;Centro de Salud;9376335.742380;107085.172977
AMAZONAS;BAGUA;BAGUA;CENTROS DE SALUD O CENTROS MEDICOS;EMPRESA PRESTADORA DE SERVICIOS DE SALUD CONSULTORIOS M?ÎDICOS ESPECIALIZADOS PASTEUR S.R.L.;00020374;Centro de Salud;9375381.523142;108622.128557
AMAZONAS;BAGUA;BAGUA;CENTROS DE SALUD O CENTROS MEDICOS;SERVIMEDIC J&R;00028139;Centro de Salud;9375467.900098;108255.461949
AMAZONAS;BAGUA;BAGUA;PATOLOGIA CLINICA;LABORATORIO CLINICO BIOLAB;00027437;Centro de Salud;9376358.027318;107107.228532
AMAZONAS;BAGUA;BAGUA;PATOLOGIA CLINICA;LABORATORIO CL?ÏNICO SAN CAMILO;00027441;Centro de Salud;9375614.229446;108642.907605
AMAZONAS;BAGUA;BAGUA;PATOLOGIA CLINICA;LABORATORIO DE AN?¸LISIS CL?ÏNICOS ALEXANDER FLEMING;00032359;Centro de Salud;9375326.754638;108722.317457
AMAZONAS;BAGUA;BAGUA;PATOLOGIA CLINICA;LABORATORIO DE REFERENCIA REGIONAL EN SALUD PUBLICA BAGUA;00014477;Centro de Salud;9375560.066009;108842.949910
AMAZONAS;BAGUA;BAGUA;PATOLOGIA CLINICA;LABORATORIO IMPERLAB;00030949;Centro de Salud;9375448.779654;108754.862989
AMAZONAS;BAGUA;BAGUA;POLICLINICOS;MEDIC SALUD;00030744;Centro de Salud;9375371.188552;108744.238324
AMAZONAS;BAGUA;BAGUA;POLICLINICOS;Policl?°nico El Rosario;00023082;Centro de Salud;9376223.883379;108727.975263
AMAZONAS;BAGUA;BAGUA;POLICLINICOS;Policl?°nico San Juan;00027439;Centro de Salud;9375368.832390;108355.920522
AMAZONAS;BAGUA;COPALLIN;CENTROS DE SALUD O CENTROS MEDICOS;COPALLIN;00005063;Centro de Salud;9371543.852289;120582.505898
AMAZONAS;BAGUA;EL PARCO;CENTROS DE SALUD O CENTROS MEDICOS;EL PARCO;00005193;Centro de Salud;9377101.661667;114736.235121
AMAZONAS;BAGUA;IMAZA;CENTROS DE SALUD O CENTROS MEDICOS;CHIPE;00005071;Centro de Salud;9469396.855522;135144.213087
AMAZONAS;BAGUA;IMAZA;CENTROS DE SALUD O CENTROS MEDICOS;CHIRIACO;00005084;Centro de Salud;9428774.676316;135479.882781
AMAZONAS;BAGUA;IMAZA;CENTROS DE SALUD O CENTROS MEDICOS;IMAZA;00005070;Centro de Salud;9439940.416520;129937.832059
AMAZONAS;BAGUA;IMAZA;CENTROS DE SALUD O CENTROS MEDICOS;TUPAC AMARU I;00005075;Centro de Salud;9458092.471095;144349.689221
AMAZONAS;BAGUA;IMAZA;CENTROS DE SALUD O CENTROS MEDICOS;WAYAMPIAK;00005081;Centro de Salud;9460795.585071;109194.636515
AMAZONAS;BAGUA;LA PECA;CENTROS DE SALUD O CENTROS MEDICOS;LA PECA;00005049;Centro de Salud;9378999.788562;119229.481373
AMAZONAS;BONGARA;FLORIDA;CENTROS DE SALUD CON CAMAS DE INTERNAMIENTO;POMACOCHAS;00004932;Centro de Salud;9355298.128924;171362.388480
AMAZONAS;BONGARA;JAZAN;CENTROS DE SALUD CON CAMAS DE INTERNAMIENTO;PEDRO RUIZ GALLO;00004922;Centro de Salud;9342142.498141;170335.074966
AMAZONAS;BONGARA;JAZAN;CENTROS DE SALUD O CENTROS MEDICOS;Servicios M?Ædicos San Andr?Æs;00028138;Centro de Salud;9342075.487631;170224.604611
AMAZONAS;BONGARA;JUMBILLA;CENTROS DE SALUD O CENTROS MEDICOS;JUMBILLA;00004917;Centro de Salud;9346508.094752;190371.894018
AMAZONAS;CHACHAPOYAS;BALSAS;CENTROS DE SALUD O CENTROS MEDICOS;BALZAS;00004856;Centro de Salud;9243332.848390;166182.621628
AMAZONAS;CHACHAPOYAS;CHACHAPOYAS;CENTROS DE SALUD CON CAMAS DE INTERNAMIENTO;CENTRO MEDICO NEILL M. ROMAN ROBLES;00025653;Centro de Salud;9310614.423539;181818.319667
AMAZONAS;CHACHAPOYAS;CHACHAPOYAS;CENTROS DE SALUD CON CAMAS DE INTERNAMIENTO;CLINICA SAN FRANCISCO;00012897;Centro de Salud;9310497.257252;182660.750292
AMAZONAS;CHACHAPOYAS;CHACHAPOYAS;CENTROS DE SALUD CON CAMAS DE INTERNAMIENTO;CLINICA VIRGEN ASUNTA S.A.C.;00011633;Centro de Salud;9310551.573189;182472.159771
AMAZONAS;CHACHAPOYAS;CHACHAPOYAS;CENTROS DE SALUD O CENTROS MEDICOS;9 DE ENERO;00006754;Centro de Salud;9310744.703273;181352.404487
AMAZONAS;CHACHAPOYAS;CHACHAPOYAS;CENTROS DE SALUD O CENTROS MEDICOS;AYLLU SACHAPUYOS;00027354;Centro de Salud;9310487.393046;182882.327163
AMAZONAS;CHACHAPOYAS;CHACHAPOYAS;CENTROS DE SALUD O CENTROS MEDICOS;CENTRO MEDICO AMAZONAS EIRL;00026399;Centro de Salud;9310484.201321;182295.307056
AMAZONAS;CHACHAPOYAS;CHACHAPOYAS;CENTROS DE SALUD O CENTROS MEDICOS;CENTRO MEDICO AMISTAD;00028693;Centro de Salud;9310484.201321;182295.307056
AMAZONAS;CHACHAPOYAS;CHACHAPOYAS;CENTROS DE SALUD O CENTROS MEDICOS;Centro M?Ædico Gocta;00030148;Centro de Salud;9310741.894955;182869.868727
AMAZONAS;CHACHAPOYAS;CHACHAPOYAS;CENTROS DE SALUD O CENTROS MEDICOS;CERTIFICADOS MEDICOS MI BREVETE;00011739;Centro de Salud;9310505.613798;182162.275955
AMAZONAS;CHACHAPOYAS;CHACHAPOYAS;CENTROS DE SALUD O CENTROS MEDICOS;SANTA FE;00028790;Centro de Salud;9310917.838749;182658.464771
AMAZONAS;CHACHAPOYAS;CHACHAPOYAS;CENTROS MEDICOS ESPECIALIZADOS;CENTRO MEDICO VIRGEN DEL CARMEN;00011650;Centro de Salud;9310505.734395;182184.427737
AMAZONAS;CHACHAPOYAS;CHACHAPOYAS;PATOLOGIA CLINICA;DIAGNOSTIC LAB;00028137;Centro de Salud;9310484.201321;182295.307056
AMAZONAS;CHACHAPOYAS;CHACHAPOYAS;PATOLOGIA CLINICA;LABORATORIO CLINICO BIOSALUD;00029629;Centro de Salud;9310484.201321;182295.307056
AMAZONAS;CHACHAPOYAS;CHACHAPOYAS;PATOLOGIA CLINICA;Laboratorio Cl?°nico  BUSTAMANTE;00029417;Centro de Salud;9310526.181277;181874.181820
AMAZONAS;CHACHAPOYAS;CHACHAPOYAS;PATOLOGIA CLINICA;LABORATORIO CL?ÏNICO SAN LUIS;00021282;Centro de Salud;9310902.734602;181916.435791
AMAZONAS;CHACHAPOYAS;CHACHAPOYAS;PATOLOGIA CLINICA;Laboratorio Referencial de Salud P??blica;00029361;Centro de Salud;9310619.064727;182671.164420
AMAZONAS;CHACHAPOYAS;CHACHAPOYAS;PATOLOGIA CLINICA;LABORATORIO REFERENCIAL REGIONAL DE SALUD PUBLICA AMAZONAS;00014153;Centro de Salud;9310310.125839;182850.061864
AMAZONAS;CHACHAPOYAS;CHACHAPOYAS;POLICLINICOS;POLICLINICO PNP CHACHAPOYAS;00013226;Centro de Salud;9310565.349658;182970.513024
AMAZONAS;CHACHAPOYAS;CHACHAPOYAS;POLICLINICOS;POLICLINICO POLICIAL CHACHAPOYAS;00026723;Centro de Salud;9310554.281750;182970.573123
AMAZONAS;CHACHAPOYAS;CHUQUIBAMBA;CENTROS DE SALUD O CENTROS MEDICOS;CHUQUIBAMBA;00004858;Centro de Salud;9232642.207034;184545.614151
AMAZONAS;CHACHAPOYAS;LA JALCA;CENTROS DE SALUD O CENTROS MEDICOS;JALCA GRANDE;00004905;Centro de Salud;9282306.129856;188562.687118
AMAZONAS;CHACHAPOYAS;LA JALCA;CENTROS DE SALUD O CENTROS MEDICOS;YERBABUENA;00004904;Centro de Salud;9272758.854915;187365.345107
AMAZONAS;CHACHAPOYAS;LEIMEBAMBA;CENTROS DE SALUD O CENTROS MEDICOS;LEYMEBAMBA;00004859;Centro de Salud;9257832.159461;190006.643673
AMAZONAS;CHACHAPOYAS;MOLINOPAMPA;CENTROS DE SALUD O CENTROS MEDICOS;MOLINOPAMPA;00004869;Centro de Salud;9313168.997478;204653.715621
AMAZONAS;CHACHAPOYAS;SAN FRANCISCO DE DAGUAS;CENTROS DE SALUD O CENTROS MEDICOS;PIPUS;00004881;Centro de Salud;9310754.312836;197733.193887
AMAZONAS;CONDORCANQUI;EL CENEPA;CENTROS DE SALUD O CENTROS MEDICOS;HUAMPAMI;00005162;Centro de Salud;9507325.351031;149336.283658
AMAZONAS;CONDORCANQUI;NIEVA;CENTROS DE SALUD O CENTROS MEDICOS;"CENTRO DE SALUD MENTAL COMUNITARIO ""EL BUEN VIVIR""";00025389;Centro de Salud;9490804.079472;182530.274441
AMAZONAS;CONDORCANQUI;NIEVA;CENTROS DE SALUD O CENTROS MEDICOS;IPAKUMA;00005146;Centro de Salud;9453402.187213;171451.612941
AMAZONAS;CONDORCANQUI;NIEVA;CENTROS DE SALUD O CENTROS MEDICOS;KIGKIS;00005149;Centro de Salud;9458213.497443;175682.309346
AMAZONAS;CONDORCANQUI;NIEVA;CENTROS DE SALUD O CENTROS MEDICOS;NIEVA;00007134;Centro de Salud;9491055.600735;181774.066520
AMAZONAS;CONDORCANQUI;NIEVA;CENTROS DE SALUD O CENTROS MEDICOS;PAKINTSA;00005148;Centro de Salud;9502731.069245;193023.563327
AMAZONAS;CONDORCANQUI;NIEVA;CENTROS DE SALUD O CENTROS MEDICOS;PUTUYAKAT;00005147;Centro de Salud;9457471.114143;163062.352340
AMAZONAS;CONDORCANQUI;NIEVA;CENTROS DE SALUD O CENTROS MEDICOS;San Jos?Æ;00028267;Centro de Salud;9491586.350106;181649.769976
AMAZONAS;CONDORCANQUI;NIEVA;CENTROS DE SALUD O CENTROS MEDICOS;SANTA MARIA DE NIEVA;00009070;Centro de Salud;9491665.337096;182027.056719
AMAZONAS;CONDORCANQUI;NIEVA;CENTROS DE SALUD O CENTROS MEDICOS;TAYUNTSA;00006922;Centro de Salud;9464963.722496;172788.533997
AMAZONAS;CONDORCANQUI;NIEVA;CENTROS DE SALUD O CENTROS MEDICOS;URAKUSA;00005155;Centro de Salud;9478051.510095;161060.593006
AMAZONAS;CONDORCANQUI;RIO SANTIAGO;CENTROS DE SALUD O CENTROS MEDICOS;CANDUNGOS;00005180;Centro de Salud;9617429.104862;183409.090449
AMAZONAS;CONDORCANQUI;RIO SANTIAGO;CENTROS DE SALUD O CENTROS MEDICOS;GALILEA;00005175;Centro de Salud;9555578.002043;194201.064500
AMAZONAS;CONDORCANQUI;RIO SANTIAGO;CENTROS DE SALUD O CENTROS MEDICOS;YUTUPIS;00005178;Centro de Salud;9586191.130447;184885.254333
AMAZONAS;LUYA;CAMPORREDONDO;CENTROS DE SALUD O CENTROS MEDICOS;CAMPORREDONDO;00004873;Centro de Salud;9311497.460584;132324.681850
AMAZONAS;LUYA;CAMPORREDONDO;CENTROS DE SALUD O CENTROS MEDICOS;COCOCHO;00004874;Centro de Salud;9314605.735907;131806.502199
AMAZONAS;LUYA;COCABAMBA;CENTROS DE SALUD O CENTROS MEDICOS;COCABAMBA;00004885;Centro de Salud;9267884.703207;167779.888500
AMAZONAS;LUYA;COLCAMAR;CENTROS DE SALUD O CENTROS MEDICOS;COLCAMAR;00004895;Centro de Salud;9302794.094606;170863.424101
AMAZONAS;LUYA;LAMUD;CENTROS DE SALUD O CENTROS MEDICOS;LAMUD;00004850;Centro de Salud;9320097.385113;173214.442226
AMAZONAS;LUYA;LAMUD;CENTROS DE SALUD O CENTROS MEDICOS;SE?ÊOR DE GUALAMITA;00029271;Centro de Salud;9320628.683958;173211.511208
AMAZONAS;LUYA;LUYA;CENTROS DE SALUD O CENTROS MEDICOS;LUYA;00004866;Centro de Salud;9318075.177064;173834.932253
AMAZONAS;LUYA;MARIA;CENTROS DE SALUD O CENTROS MEDICOS;MARIA;00004899;Centro de Salud;9288290.015323;172220.354528
AMAZONAS;LUYA;OCALLI;CENTROS DE SALUD O CENTROS MEDICOS;OCALLI;00004876;Centro de Salud;9309597.927032;138442.011262
AMAZONAS;LUYA;OCUMAL;CENTROS DE SALUD O CENTROS MEDICOS;COLLONCE;00004843;Centro de Salud;9304611.821622;145031.766089
AMAZONAS;LUYA;SANTA CATALINA;CENTROS DE SALUD O CENTROS MEDICOS;SALAZAR;00004913;Centro de Salud;9332447.400475;152855.643688
AMAZONAS;LUYA;SANTO TOMAS;CENTROS DE SALUD O CENTROS MEDICOS;SANTO TOMAS;00004887;Centro de Salud;9272479.284460;182972.702371
AMAZONAS;LUYA;TINGO;CENTROS DE SALUD O CENTROS MEDICOS;TINGO;00004903;Centro de Salud;9294810.243562;178129.390784
AMAZONAS;RODRIGUEZ DE MENDOZA;CHIRIMOTO;CENTROS DE SALUD O CENTROS MEDICOS;ZARUMILLA;00004954;Centro de Salud;9273546.948208;236750.839046
AMAZONAS;RODRIGUEZ DE MENDOZA;HUAMBO;CENTROS DE SALUD O CENTROS MEDICOS;HUAMBO;00004943;Centro de Salud;9288434.647953;219702.199709
AMAZONAS;RODRIGUEZ DE MENDOZA;LIMABAMBA;CENTROS DE SALUD O CENTROS MEDICOS;LIMABAMBA;00004955;Centro de Salud;9280951.717831;223590.876574
AMAZONAS;RODRIGUEZ DE MENDOZA;LONGAR;CENTROS DE SALUD O CENTROS MEDICOS;LONGAR;00004944;Centro de Salud;9293617.036970;218237.516489
AMAZONAS;RODRIGUEZ DE MENDOZA;MARISCAL BENAVIDES;CENTROS DE SALUD O CENTROS MEDICOS;MARISCAL BENAVIDES;00004945;Centro de Salud;9293386.216074;223065.056015
AMAZONAS;RODRIGUEZ DE MENDOZA;OMIA;CENTROS DE SALUD O CENTROS MEDICOS;NUEVO CHIRIMOTO;00004947;Centro de Salud;9275301.586042;252597.747441
AMAZONAS;RODRIGUEZ DE MENDOZA;OMIA;CENTROS DE SALUD O CENTROS MEDICOS;OMIA;00004946;Centro de Salud;9284315.080888;234995.737083
AMAZONAS;RODRIGUEZ DE MENDOZA;SAN NICOLAS;CENTROS DE SALUD O CENTROS MEDICOS;CENTRO DE ATENCI?ÙN PRIMARIA II RODR?ÏGUEZ DE MENDOZA;00009069;Centro de Salud;9292193.305153;225782.814900
AMAZONAS;RODRIGUEZ DE MENDOZA;SAN NICOLAS;CENTROS DE SALUD O CENTROS MEDICOS;CENTRO M?ÎDICO RENACER;00024007;Centro de Salud;9292313.519524;225472.299570
AMAZONAS;RODRIGUEZ DE MENDOZA;SAN NICOLAS;CENTROS DE SALUD O CENTROS MEDICOS;INTEGRAMENTE HUAYABAMBA;00029068;Centro de Salud;9288413.669709;219934.748872
AMAZONAS;RODRIGUEZ DE MENDOZA;SAN NICOLAS;CENTROS DE SALUD O CENTROS MEDICOS;SAGRADO CORAZON DE JESUS;00028266;Centro de Salud;9292436.298109;225693.089812
AMAZONAS;RODRIGUEZ DE MENDOZA;SAN NICOLAS;POLICLINICOS;GENESIS M&N;00029919;Centro de Salud;9292379.693162;225427.703461
AMAZONAS;RODRIGUEZ DE MENDOZA;TOTORA;CENTROS DE SALUD O CENTROS MEDICOS;TOTORA;00004958;Centro de Salud;9282562.925118;227235.113466
AMAZONAS;UTCUBAMBA;BAGUA GRANDE;CENTROS DE SALUD CON CAMAS DE INTERNAMIENTO;SE?ÊOR DE LOS MILAGROS;00031850;Centro de Salud;9363156.716668;118059.141901
AMAZONAS;UTCUBAMBA;BAGUA GRANDE;CENTROS DE SALUD O CENTROS MEDICOS;CENTRO DE SALUD MENTAL  COMUNITARIO CreeSer;00027435;Centro de Salud;9362539.057392;118473.274211
AMAZONAS;UTCUBAMBA;BAGUA GRANDE;CENTROS DE SALUD O CENTROS MEDICOS;CENTRO MEDICO HERSEL H.R E.I.R.L;00019888;Centro de Salud;9362465.019797;119050.498429
AMAZONAS;UTCUBAMBA;BAGUA GRANDE;CENTROS DE SALUD O CENTROS MEDICOS;COLLICATE;00005130;Centro de Salud;9354256.421550;118623.409690
AMAZONAS;UTCUBAMBA;BAGUA GRANDE;CENTROS DE SALUD O CENTROS MEDICOS;LA VICTORIA;00005136;Centro de Salud;9367193.926806;113575.456099
AMAZONAS;UTCUBAMBA;BAGUA GRANDE;CENTROS DE SALUD O CENTROS MEDICOS;MANOS DIVINAS;00028268;Centro de Salud;9362539.057392;118473.274211
AMAZONAS;UTCUBAMBA;BAGUA GRANDE;CENTROS DE SALUD O CENTROS MEDICOS;MIRAFLORES;00005126;Centro de Salud;9351185.053214;127114.568601
AMAZONAS;UTCUBAMBA;BAGUA GRANDE;CENTROS DE SALUD O CENTROS MEDICOS;?ÊUNYA JALCA;00005129;Centro de Salud;9347114.643126;133425.958552
AMAZONAS;UTCUBAMBA;BAGUA GRANDE;CENTROS DE SALUD O CENTROS MEDICOS;SAN MARTIN;00005134;Centro de Salud;9347236.571011;133447.409449
AMAZONAS;UTCUBAMBA;BAGUA GRANDE;CENTROS DE SALUD O CENTROS MEDICOS;SELHER;00028789;Centro de Salud;9362476.026727;119039.340237
AMAZONAS;UTCUBAMBA;BAGUA GRANDE;CENTROS DE SALUD O CENTROS MEDICOS;SERVIMEDIC AMAZONAS;00028152;Centro de Salud;9362539.057392;118473.274211
AMAZONAS;UTCUBAMBA;BAGUA GRANDE;CENTROS DE SALUD O CENTROS MEDICOS;Urbina Salud;00028694;Centro de Salud;9362891.813988;118204.937634
AMAZONAS;UTCUBAMBA;BAGUA GRANDE;CENTROS DE SALUD O CENTROS MEDICOS;UTCUBAMBA;00007043;Centro de Salud;9362935.707702;118138.120548
AMAZONAS;UTCUBAMBA;BAGUA GRANDE;CENTROS MEDICOS ESPECIALIZADOS;CLINICA DOCTOR NIXON;00019497;Centro de Salud;9362487.702173;119139.096413
AMAZONAS;UTCUBAMBA;BAGUA GRANDE;PATOLOGIA CLINICA;ANALISIS CLINICOS;00031897;Centro de Salud;9362673.950888;118805.217623
AMAZONAS;UTCUBAMBA;BAGUA GRANDE;PATOLOGIA CLINICA;"LABORATORIO CLINICO CADILAB - BAGUA
GRANDE";00031895;Centro de Salud;9363146.178416;118147.941999
AMAZONAS;UTCUBAMBA;BAGUA GRANDE;POLICLINICOS;BAGUA GRANDE;00030745;Centro de Salud;9362673.616459;118749.760113
AMAZONAS;UTCUBAMBA;BAGUA GRANDE;POLICLINICOS;POLICLINICO POLICIAL BAGUA GRANDE;00018106;Centro de Salud;9362519.185056;118850.518454
AMAZONAS;UTCUBAMBA;CAJARURO;CENTROS DE SALUD O CENTROS MEDICOS;ALTO AMAZONAS;00006659;Centro de Salud;9366408.558328;136263.182321
AMAZONAS;UTCUBAMBA;CAJARURO;CENTROS DE SALUD O CENTROS MEDICOS;CAJARURO;00005092;Centro de Salud;9364763.016059;119990.599275
AMAZONAS;UTCUBAMBA;CAJARURO;CENTROS DE SALUD O CENTROS MEDICOS;EL RON;00005105;Centro de Salud;9363150.527577;139653.225185
AMAZONAS;UTCUBAMBA;CAJARURO;CENTROS DE SALUD O CENTROS MEDICOS;JOSE OLAYA;00005096;Centro de Salud;9365652.327457;133761.006265
AMAZONAS;UTCUBAMBA;CAJARURO;CENTROS DE SALUD O CENTROS MEDICOS;NARANJOS ALTOS;00005099;Centro de Salud;9364664.328026;127622.293656
AMAZONAS;UTCUBAMBA;CAJARURO;CENTROS DE SALUD O CENTROS MEDICOS;SAN JUAN DE LA LIBERTAD;00005095;Centro de Salud;9370379.054580;125880.655962
AMAZONAS;UTCUBAMBA;CUMBA;CENTROS DE SALUD O CENTROS MEDICOS;CUMBA;00005111;Centro de Salud;9342771.101990;94274.675475
AMAZONAS;UTCUBAMBA;CUMBA;CENTROS DE SALUD O CENTROS MEDICOS;NUEVA ESPERANZA;00005112;Centro de Salud;9344871.485506;105540.164443
AMAZONAS;UTCUBAMBA;EL MILAGRO;CENTROS DE SALUD O CENTROS MEDICOS;"CENTRO DE SALUD MILITAR ""EL MILAGRO"" 6?? BRIG SVA";00019289;Centro de Salud;9375850.384720;105590.229239
AMAZONAS;UTCUBAMBA;EL MILAGRO;CENTROS DE SALUD O CENTROS MEDICOS;EL MILAGRO;00005066;Centro de Salud;9375549.252211;105248.106287
AMAZONAS;UTCUBAMBA;JAMALCA;CENTROS DE SALUD O CENTROS MEDICOS;JAMALCA;00005139;Centro de Salud;9347505.805630;141583.872462
AMAZONAS;UTCUBAMBA;LONYA GRANDE;CENTROS DE SALUD O CENTROS MEDICOS;LONYA GRANDE;00005120;Centro de Salud;9324948.008513;121200.983713
AMAZONAS;UTCUBAMBA;YAMON;CENTROS DE SALUD O CENTROS MEDICOS;EL PALTO;00005117;Centro de Salud;9334109.999009;113038.611355
AMAZONAS;UTCUBAMBA;YAMON;CENTROS DE SALUD O CENTROS MEDICOS;VISTA ALEGRE DE YAMON;00005115;Centro de Salud;9335784.933526;108271.159917
AMAZONAS;CHACHAPOYAS;CHACHAPOYAS;HOSPITALES O CLINICAS DE ATENCION GENERAL;HOSPITAL REGIONAL VIRGEN DE FATIMA;00004838;Hospital;9310420.564302;182805.157199
AMAZONAS;RODRIGUEZ DE MENDOZA;SAN NICOLAS;HOSPITALES O CLINICAS DE ATENCION GENERAL;MARIA AUXILIADORA;00004950;Hospital;9292403.691679;225815.007554
AMAZONAS;BAGUA;BAGUA;HOSPITALES O CLINICAS DE ATENCION GENERAL;HOSPITAL DE APOYO GUSTAVO LANATTA LUJAN;00005044;Hospital;9375459.854485;108754.795836
AMAZONAS;UTCUBAMBA;BAGUA GRANDE;HOSPITALES O CLINICAS DE ATENCION GENERAL;HOSPITAL  SANTIAGO APOSTOL DE UTCUBAMBA;00005125;Hospital;9362851.332495;118837.423967
AMAZONAS;CONDORCANQUI;NIEVA;HOSPITALES O CLINICAS DE ATENCION GENERAL;SANTA MARIA DE NIEVA;00005145;Hospital;9490901.637078;182019.014385
AMAZONAS;CHACHAPOYAS;CHACHAPOYAS;HOSPITALES O CLINICAS DE ATENCION GENERAL;HOSPITAL HIGOS URCO;00009066;Hospital;9310494.063342;182073.729064
AMAZONAS;UTCUBAMBA;BAGUA GRANDE;HOSPITALES O CLINICAS DE ATENCION GENERAL;HOSPITAL EL BUEN SAMARITANO;00009067;Hospital;9363113.291501;118203.600734
AMAZONAS;BAGUA;BAGUA;HOSPITALES O CLINICAS DE ATENCION GENERAL;HOSPITAL I HEROES DEL CENEPA;00009068;Hospital;9376166.895810;108462.032410
AMAZONAS;BAGUA;BAGUA;ATENCION PRE HOSPITALARIA;SAMU DE LA RED DE SALUD BAGUA;00027355;Otros;9375836.398726;108752.513320
AMAZONAS;BAGUA;BAGUA;CONSULTORIOS MEDICOS Y DE OTROS PROFESIONALES DE LA SALUD;CONSULTORIO CL?ÏNICO MQN;00027440;Otros;9375836.398726;108752.513320
AMAZONAS;BAGUA;BAGUA;CONSULTORIOS MEDICOS Y DE OTROS PROFESIONALES DE LA SALUD;Consultorio Dental  Kristell Dent;00029445;Otros;9375292.385800;108533.907845
AMAZONAS;BAGUA;BAGUA;CONSULTORIOS MEDICOS Y DE OTROS PROFESIONALES DE LA SALUD;Consultorio Psicol??gico Cl?°nico Forense AMAZON;00031071;Otros;9375284.406151;109044.333724
AMAZONAS;BAGUA;BAGUA;CONSULTORIOS MEDICOS Y DE OTROS PROFESIONALES DE LA SALUD;INTERREGIONAL;00029220;Otros;9375273.465835;109066.590294
AMAZONAS;BAGUA;BAGUA;CONSULTORIOS MEDICOS Y DE OTROS PROFESIONALES DE LA SALUD;MEDIC SALUD;00026825;Otros;9375382.263384;108744.171160
AMAZONAS;BAGUA;BAGUA;CONSULTORIOS MEDICOS Y DE OTROS PROFESIONALES DE LA SALUD;PASTEUR S.R.L;00014068;Otros;9375381.523142;108622.128557
AMAZONAS;BAGUA;BAGUA;CONSULTORIOS MEDICOS Y DE OTROS PROFESIONALES DE LA SALUD;Servicios Odontol??gicos San Luis;00027164;Otros;9375626.514937;108842.547169
AMAZONAS;BAGUA;BAGUA;CONSULTORIOS MEDICOS Y DE OTROS PROFESIONALES DE LA SALUD;Vida Dental;00031212;Otros;9375258.959226;108500.825141
AMAZONAS;BAGUA;BAGUA;HOGARES PROTEGIDOS;HOGAR PROTEGIDO BAGUA;00031921;Otros;9375935.534348;108663.150356
AMAZONAS;BAGUA;BAGUA;SERVICIO DE TRASLADO DE PACIENTES;SAMU DE LA RED DE SALUD BAGUA;00027355;Otros;9375836.398726;108752.513320
AMAZONAS;BAGUA;BAGUA;Sin informaci??n;CATS BAGUA;00028416;Otros;9375836.398726;108752.513320
AMAZONAS;BONGARA;JAZAN;CONSULTORIOS MEDICOS Y DE OTROS PROFESIONALES DE LA SALUD;CONSULTORIO ODONTOLOGICO BUSTAMANTE;00029221;Otros;9341700.525227;164374.624254
AMAZONAS;BONGARA;JAZAN;CONSULTORIOS MEDICOS Y DE OTROS PROFESIONALES DE LA SALUD;"CONSULTORIO ODONTOLOGICO ""DUODENT""";00027053;Otros;9341700.525227;164374.624254
AMAZONAS;BONGARA;JAZAN;CONSULTORIOS MEDICOS Y DE OTROS PROFESIONALES DE LA SALUD;CONSULTORIO ODONTOLOGICO REMOTTI;00027052;Otros;9341832.628287;170347.827262
AMAZONAS;BONGARA;JAZAN;CONSULTORIOS MEDICOS Y DE OTROS PROFESIONALES DE LA SALUD;PERSAN DENT;00031044;Otros;9341897.309410;170026.068798
AMAZONAS;CHACHAPOYAS;CHACHAPOYAS;ATENCION DOMICILIARIA;SAMU AMAZONAS;00017715;Otros;9310738.885040;182316.073775
AMAZONAS;CHACHAPOYAS;CHACHAPOYAS;ATENCION PRE HOSPITALARIA;SAMU AMAZONAS;00017715;Otros;9310738.885040;182316.073775
AMAZONAS;CHACHAPOYAS;CHACHAPOYAS;CENTRO ODONTOLOGICO;CENTRO DE ATENCI?ÙN INTEGRAL DR. SAGASTEGUI E.I.R.L;00025989;Otros;9310549.946004;182173.110833
AMAZONAS;CHACHAPOYAS;CHACHAPOYAS;CENTRO ODONTOLOGICO;CONSULTORIO ODONTOL?ÙGICO VIRGEN ASUNTA;00027438;Otros;9310484.201321;182295.307056
AMAZONAS;CHACHAPOYAS;CHACHAPOYAS;CENTRO ODONTOLOGICO;OdontiSalud;00026838;Otros;9310177.310808;182850.783662
AMAZONAS;CHACHAPOYAS;CHACHAPOYAS;CENTRO ODONTOLOGICO;ODONTO ESTILO;00032219;Otros;9310530.039578;182583.038809
AMAZONAS;CHACHAPOYAS;CHACHAPOYAS;CENTRO ODONTOLOGICO;ODONTOSALUD;00026202;Otros;9310519.694118;182716.009211
AMAZONAS;CHACHAPOYAS;CHACHAPOYAS;CENTRO ODONTOLOGICO;OYARCE CONSULTORIO ODONTOLOGICO;00026716;Otros;9310484.201321;182295.307056
AMAZONAS;CHACHAPOYAS;CHACHAPOYAS;CENTRO ODONTOLOGICO;SDENT;00025540;Otros;9310543.995533;183114.618917
AMAZONAS;CHACHAPOYAS;CHACHAPOYAS;CENTRO ODONTOLOGICO;SIADENT;00027036;Otros;9310541.288163;182616.206216
AMAZONAS;CHACHAPOYAS;CHACHAPOYAS;CENTROS OPTICOS;CRIZAL ?ÙPTICA;00029598;Otros;9310683.304182;182272.071169
AMAZONAS;CHACHAPOYAS;CHACHAPOYAS;CENTROS OPTICOS;?Ùptica Latina - Amazonas;00029644;Otros;9310517.224387;182261.898706
AMAZONAS;CHACHAPOYAS;CHACHAPOYAS;CENTROS OPTICOS;?Ùpticas del Norte;00029645;Otros;9310549.946004;182173.110833
AMAZONAS;CHACHAPOYAS;CHACHAPOYAS;CENTROS OPTICOS;?Ùptica Universal JW;00029700;Otros;9310540.806405;182527.599312
AMAZONAS;CHACHAPOYAS;CHACHAPOYAS;CONSULTORIOS MEDICOS Y DE OTROS PROFESIONALES DE LA SALUD;Asiri Sumaq;00027063;Otros;9310804.991568;182260.332857
AMAZONAS;CHACHAPOYAS;CHACHAPOYAS;CONSULTORIOS MEDICOS Y DE OTROS PROFESIONALES DE LA SALUD;CENTRO DE ESPECIALIDADES FISIOTERAPEUTICAS Y SERVICIOS MEDICOS INTEGRALES CEFIR;00025310;Otros;9310484.201321;182295.307056
AMAZONAS;CHACHAPOYAS;CHACHAPOYAS;CONSULTORIOS MEDICOS Y DE OTROS PROFESIONALES DE LA SALUD;CENTRO DE MEDICINA INTEGRAL Y NATURAL SALUD Y VIDA;00020196;Otros;9310984.246349;182658.104026
AMAZONAS;CHACHAPOYAS;CHACHAPOYAS;CONSULTORIOS MEDICOS Y DE OTROS PROFESIONALES DE LA SALUD;Centro M?Ædico Especializado Santa Rosa;00025068;Otros;9310751.879926;182670.442679
AMAZONAS;CHACHAPOYAS;CHACHAPOYAS;CONSULTORIOS MEDICOS Y DE OTROS PROFESIONALES DE LA SALUD;"CENTRO MEDICO ""PERU JAPON""";00026835;Otros;9310484.201321;182295.307056
AMAZONAS;CHACHAPOYAS;CHACHAPOYAS;CONSULTORIOS MEDICOS Y DE OTROS PROFESIONALES DE LA SALUD;CENTRO ODONTOLOGICO LORENTOOTH;00021743;Otros;9310654.313808;183047.563190
AMAZONAS;CHACHAPOYAS;CHACHAPOYAS;CONSULTORIOS MEDICOS Y DE OTROS PROFESIONALES DE LA SALUD;CENTRO ODONTOLOGICO PERFECT SMILE;00011436;Otros;9310484.080762;182273.155302
AMAZONAS;CHACHAPOYAS;CHACHAPOYAS;CONSULTORIOS MEDICOS Y DE OTROS PROFESIONALES DE LA SALUD;CENTRO ODONTOLOGICO SONRIEME E.I.R.L;00026005;Otros;9310528.593727;182317.217895
AMAZONAS;CHACHAPOYAS;CHACHAPOYAS;CONSULTORIOS MEDICOS Y DE OTROS PROFESIONALES DE LA SALUD;CHACHADENT SAC;00026199;Otros;9310751.338197;182570.759590
AMAZONAS;CHACHAPOYAS;CHACHAPOYAS;CONSULTORIOS MEDICOS Y DE OTROS PROFESIONALES DE LA SALUD;CONFI-DENT;00023144;Otros;9310805.714486;182393.244071
AMAZONAS;CHACHAPOYAS;CHACHAPOYAS;CONSULTORIOS MEDICOS Y DE OTROS PROFESIONALES DE LA SALUD;"CONSULTORIO DE ATENCI?ÙN INTEGRAL ""REFLEJOS""";00025109;Otros;9311423.472768;182013.288961
AMAZONAS;CHACHAPOYAS;CHACHAPOYAS;CONSULTORIOS MEDICOS Y DE OTROS PROFESIONALES DE LA SALUD;CONSULTORIO DENTAL DEL PUEBLO;00020447;Otros;9310540.143769;182405.764719
AMAZONAS;CHACHAPOYAS;CHACHAPOYAS;CONSULTORIOS MEDICOS Y DE OTROS PROFESIONALES DE LA SALUD;CONSULTORIO DENTAL DIAZ;00032217;Otros;9310328.586469;182174.316055
AMAZONAS;CHACHAPOYAS;CHACHAPOYAS;CONSULTORIOS MEDICOS Y DE OTROS PROFESIONALES DE LA SALUD;Consultorio M?Ædico Amazonas;00028528;Otros;9310514.690743;181796.710675
AMAZONAS;CHACHAPOYAS;CHACHAPOYAS;CONSULTORIOS MEDICOS Y DE OTROS PROFESIONALES DE LA SALUD;CONSULTORIO MEDICO BIENESTAR;00026719;Otros;9310431.632225;182805.097057
AMAZONAS;CHACHAPOYAS;CHACHAPOYAS;CONSULTORIOS MEDICOS Y DE OTROS PROFESIONALES DE LA SALUD;CONSULTORIO MEDICO MEDICINE;00031851;Otros;9310484.020480;182262.079423
AMAZONAS;CHACHAPOYAS;CHACHAPOYAS;CONSULTORIOS MEDICOS Y DE OTROS PROFESIONALES DE LA SALUD;Consultorio Odontol??gico Amazonas;00029918;Otros;9310439.386842;182195.865151
AMAZONAS;CHACHAPOYAS;CHACHAPOYAS;CONSULTORIOS MEDICOS Y DE OTROS PROFESIONALES DE LA SALUD;CONSULTORIO ODONTOLOGICO CONCIENCIA;00029222;Otros;9310484.201321;182295.307056
AMAZONAS;CHACHAPOYAS;CHACHAPOYAS;CONSULTORIOS MEDICOS Y DE OTROS PROFESIONALES DE LA SALUD;Consultorio odontol??gico DENTALPOINT;00025201;Otros;9310652.328717;182682.059847
AMAZONAS;CHACHAPOYAS;CHACHAPOYAS;CONSULTORIOS MEDICOS Y DE OTROS PROFESIONALES DE LA SALUD;Consultorio Odontol??gico LA CARIES;00025144;Otros;9310416.587445;182074.151014
AMAZONAS;CHACHAPOYAS;CHACHAPOYAS;CONSULTORIOS MEDICOS Y DE OTROS PROFESIONALES DE LA SALUD;"CONSULTORIO ODONTOLOGICO ""PLUS DENT""";00026840;Otros;9309976.280841;182519.594239
AMAZONAS;CHACHAPOYAS;CHACHAPOYAS;CONSULTORIOS MEDICOS Y DE OTROS PROFESIONALES DE LA SALUD;CONSULTORIO ODONTOL?ÙGICO TORRES;00028969;Otros;9310484.201321;182295.307056
AMAZONAS;CHACHAPOYAS;CHACHAPOYAS;CONSULTORIOS MEDICOS Y DE OTROS PROFESIONALES DE LA SALUD;CONSULTORIO ODONTOLOGICO VIVIDENT;00019314;Otros;9310615.630244;182039.838328
AMAZONAS;CHACHAPOYAS;CHACHAPOYAS;CONSULTORIOS MEDICOS Y DE OTROS PROFESIONALES DE LA SALUD;CONSULTORIO PSICOLOGICO AMAYA;00027163;Otros;9310118.717169;182252.992070
AMAZONAS;CHACHAPOYAS;CHACHAPOYAS;CONSULTORIOS MEDICOS Y DE OTROS PROFESIONALES DE LA SALUD;Consultorios M?Ædicos Montoya;00028265;Otros;9310542.612299;182859.874888
AMAZONAS;CHACHAPOYAS;CHACHAPOYAS;CONSULTORIOS MEDICOS Y DE OTROS PROFESIONALES DE LA SALUD;DENTAL CARE;00031720;Otros;9310533.588800;183236.512891
AMAZONAS;CHACHAPOYAS;CHACHAPOYAS;CONSULTORIOS MEDICOS Y DE OTROS PROFESIONALES DE LA SALUD;DENTAL CENTER;00031043;Otros;9311501.310094;182079.324097
AMAZONAS;CHACHAPOYAS;CHACHAPOYAS;CONSULTORIOS MEDICOS Y DE OTROS PROFESIONALES DE LA SALUD;Dental Jade Sonrisas;00028136;Otros;9310539.842486;182350.385320
AMAZONAS;CHACHAPOYAS;CHACHAPOYAS;CONSULTORIOS MEDICOS Y DE OTROS PROFESIONALES DE LA SALUD;Dental Jade Sonrisas JS;00028135;Otros;9311937.469852;182907.687678
AMAZONAS;CHACHAPOYAS;CHACHAPOYAS;CONSULTORIOS MEDICOS Y DE OTROS PROFESIONALES DE LA SALUD;DENTAL QHALI KAY;00030298;Otros;9310424.697020;181531.371231
AMAZONAS;CHACHAPOYAS;CHACHAPOYAS;CONSULTORIOS MEDICOS Y DE OTROS PROFESIONALES DE LA SALUD;Emergencias en Cardiolog?°a;00028149;Otros;9310607.936598;182660.148704
AMAZONAS;CHACHAPOYAS;CHACHAPOYAS;CONSULTORIOS MEDICOS Y DE OTROS PROFESIONALES DE LA SALUD;FARMAMEDIC UNI?ÙN;00030297;Otros;9311925.861538;182808.062761
AMAZONAS;CHACHAPOYAS;CHACHAPOYAS;CONSULTORIOS MEDICOS Y DE OTROS PROFESIONALES DE LA SALUD;GASTROCAMPOS;00027657;Otros;9310484.201321;182295.307056
AMAZONAS;CHACHAPOYAS;CHACHAPOYAS;CONSULTORIOS MEDICOS Y DE OTROS PROFESIONALES DE LA SALUD;ILUMINARE MEDICINA EST?ÎTICA;00031783;Otros;9310540.926857;182549.751043
AMAZONAS;CHACHAPOYAS;CHACHAPOYAS;CONSULTORIOS MEDICOS Y DE OTROS PROFESIONALES DE LA SALUD;L?∆PEZ CONSULTORIO ODONTOL?∆GICO;00027978;Otros;9310484.201321;182295.307056
AMAZONAS;CHACHAPOYAS;CHACHAPOYAS;CONSULTORIOS MEDICOS Y DE OTROS PROFESIONALES DE LA SALUD;MEDICORE;00032175;Otros;9310484.201321;182295.307056
AMAZONAS;CHACHAPOYAS;CHACHAPOYAS;CONSULTORIOS MEDICOS Y DE OTROS PROFESIONALES DE LA SALUD;Nutrimed Per??;00027656;Otros;9310342.366382;182672.668493
AMAZONAS;CHACHAPOYAS;CHACHAPOYAS;CONSULTORIOS MEDICOS Y DE OTROS PROFESIONALES DE LA SALUD;ODONTO ESTILO;00023722;Otros;9310529.979359;182571.962948
AMAZONAS;CHACHAPOYAS;CHACHAPOYAS;CONSULTORIOS MEDICOS Y DE OTROS PROFESIONALES DE LA SALUD;Odontolinares;00028970;Otros;9310628.084878;182294.524095
AMAZONAS;CHACHAPOYAS;CHACHAPOYAS;CONSULTORIOS MEDICOS Y DE OTROS PROFESIONALES DE LA SALUD;Odontolog?°a Especializada A&A;00030147;Otros;9310361.790400;182174.135247
AMAZONAS;CHACHAPOYAS;CHACHAPOYAS;CONSULTORIOS MEDICOS Y DE OTROS PROFESIONALES DE LA SALUD;ODONTOLUZ;00027038;Otros;9309722.863346;182731.418278
AMAZONAS;CHACHAPOYAS;CHACHAPOYAS;CONSULTORIOS MEDICOS Y DE OTROS PROFESIONALES DE LA SALUD;PERFECT SMILE;00028529;Otros;9310484.201321;182295.307056
AMAZONAS;CHACHAPOYAS;CHACHAPOYAS;CONSULTORIOS MEDICOS Y DE OTROS PROFESIONALES DE LA SALUD;PERUMEDIC;00023734;Otros;9310486.731100;182760.493021
AMAZONAS;CHACHAPOYAS;CHACHAPOYAS;CONSULTORIOS MEDICOS Y DE OTROS PROFESIONALES DE LA SALUD;PsicoAmarte;00032356;Otros;9309776.153086;182354.542704
AMAZONAS;CHACHAPOYAS;CHACHAPOYAS;CONSULTORIOS MEDICOS Y DE OTROS PROFESIONALES DE LA SALUD;"""SALUDENT"" - Atenci??n Integral y Odontol??gica";00026201;Otros;9311413.248071;182168.414151
AMAZONAS;CHACHAPOYAS;CHACHAPOYAS;CONSULTORIOS MEDICOS Y DE OTROS PROFESIONALES DE LA SALUD;SE?ÊOR DE BURGOS;00031404;Otros;9310541.227950;182605.130356
AMAZONAS;CHACHAPOYAS;CHACHAPOYAS;CONSULTORIOS MEDICOS Y DE OTROS PROFESIONALES DE LA SALUD;Servicios M?Ædicos Amazonas;00026200;Otros;9310540.083517;182394.688841
AMAZONAS;CHACHAPOYAS;CHACHAPOYAS;CONSULTORIOS MEDICOS Y DE OTROS PROFESIONALES DE LA SALUD;SERVICIOS ODONTOL?ÙGICOS TAFUR;00026843;Otros;9310484.201321;182295.307056
AMAZONAS;CHACHAPOYAS;CHACHAPOYAS;CONSULTORIOS MEDICOS Y DE OTROS PROFESIONALES DE LA SALUD;SIADENT;00030746;Otros;9310416.889043;182129.530416
AMAZONAS;CHACHAPOYAS;CHACHAPOYAS;CONSULTORIOS MEDICOS Y DE OTROS PROFESIONALES DE LA SALUD;SONRIEME CENTRO ODONTOLOGICO;00011427;Otros;9310539.601422;182306.081785
AMAZONAS;CHACHAPOYAS;CHACHAPOYAS;CONSULTORIOS MEDICOS Y DE OTROS PROFESIONALES DE LA SALUD;Sonr?°eme con Estilo;00031784;Otros;9310327.500482;181974.950470
AMAZONAS;CHACHAPOYAS;CHACHAPOYAS;CONSULTORIOS MEDICOS Y DE OTROS PROFESIONALES DE LA SALUD;TEJADA;00031403;Otros;9310757.583345;181684.623970
AMAZONAS;CHACHAPOYAS;CHACHAPOYAS;DIAGNOSTICO POR IMAGENES;SERVICIOS GENERALES OMEGA;00027911;Otros;9310540.746176;182516.523444
AMAZONAS;CHACHAPOYAS;CHACHAPOYAS;DIAGNOSTICO POR IMAGENES;SERVICIOS GENERALES OMEGA;00029455;Otros;9310484.201321;182295.307056
AMAZONAS;CHACHAPOYAS;CHACHAPOYAS;HOGARES PROTEGIDOS;HOGAR PROTEGIDO RENACER CHACHAPOYAS;00032179;Otros;9310484.201321;182295.307056
AMAZONAS;CHACHAPOYAS;CHACHAPOYAS;LABORATORIOS DE PROTESIS DENTAL;LABORATORIO DENTAL CONFI DENT;00011428;Otros;9310816.782443;182393.183885
AMAZONAS;CHACHAPOYAS;CHACHAPOYAS;LABORATORIOS DE PROTESIS DENTAL;LABORATORIO DENTAL ROJAS;00011430;Otros;9310552.476517;182638.297769
AMAZONAS;CHACHAPOYAS;CHACHAPOYAS;SERVICIO DE TRASLADO DE PACIENTES;SAMU AMAZONAS;00017715;Otros;9310738.885040;182316.073775
AMAZONAS;CHACHAPOYAS;CHACHAPOYAS;Sin informaci??n;CATS Chachapoyas;00028347;Otros;9310873.928022;182725.160781
AMAZONAS;CHACHAPOYAS;LA JALCA;CONSULTORIOS MEDICOS Y DE OTROS PROFESIONALES DE LA SALUD;Centro M?Ædico San Bartolome;00024898;Otros;9273266.529194;187107.900692
AMAZONAS;CONDORCANQUI;NIEVA;SERVICIO DE TRASLADO DE PACIENTES;SAMU CONDORCANQUI;00028148;Otros;9491044.444026;181751.899505
AMAZONAS;RODRIGUEZ DE MENDOZA;SAN NICOLAS;CONSULTORIOS MEDICOS Y DE OTROS PROFESIONALES DE LA SALUD;ARISTA;00031405;Otros;9292380.334407;225560.530134
AMAZONAS;RODRIGUEZ DE MENDOZA;SAN NICOLAS;CONSULTORIOS MEDICOS Y DE OTROS PROFESIONALES DE LA SALUD;Consultorio Odontol??gico Vita;00028369;Otros;9292501.189685;225382.840111
AMAZONAS;RODRIGUEZ DE MENDOZA;SAN NICOLAS;CONSULTORIOS MEDICOS Y DE OTROS PROFESIONALES DE LA SALUD;PROMEDIC AMAZONAS;00031852;Otros;9292697.142075;224717.739435
AMAZONAS;RODRIGUEZ DE MENDOZA;SAN NICOLAS;CONSULTORIOS MEDICOS Y DE OTROS PROFESIONALES DE LA SALUD;ROMA DENT;00030971;Otros;9292478.953626;225360.809134
AMAZONAS;RODRIGUEZ DE MENDOZA;SAN NICOLAS;CONSULTORIOS MEDICOS Y DE OTROS PROFESIONALES DE LA SALUD;SAN NICOLAS;00027302;Otros;9292391.185260;225516.201178
AMAZONAS;RODRIGUEZ DE MENDOZA;SAN NICOLAS;CONSULTORIOS MEDICOS Y DE OTROS PROFESIONALES DE LA SALUD;TECNOMEDIC;00028420;Otros;9292425.447117;225737.418712
AMAZONAS;RODRIGUEZ DE MENDOZA;SAN NICOLAS;Sin informaci??n;CATS Rodr?°guez de Mendoza;00028352;Otros;9292301.813433;225339.526425
AMAZONAS;UTCUBAMBA;BAGUA GRANDE;CONSULTORIOS MEDICOS Y DE OTROS PROFESIONALES DE LA SALUD;CONSULTORIO DENTAL LINARES ROJAS;00026955;Otros;9362670.872296;118295.007449
AMAZONAS;UTCUBAMBA;BAGUA GRANDE;CONSULTORIOS MEDICOS Y DE OTROS PROFESIONALES DE LA SALUD;Consultorio M?Ædico Especializado Dr Donald Mej?°a Y??plac;00032177;Otros;9362815.234268;118360.687757
AMAZONAS;UTCUBAMBA;BAGUA GRANDE;CONSULTORIOS MEDICOS Y DE OTROS PROFESIONALES DE LA SALUD;MERINO;00032176;Otros;9362538.990438;118462.182700
AMAZONAS;UTCUBAMBA;BAGUA GRANDE;CONSULTORIOS MEDICOS Y DE OTROS PROFESIONALES DE LA SALUD;Sdental;00031402;Otros;9362473.685411;118651.139140
AMAZONAS;UTCUBAMBA;BAGUA GRANDE;HOGARES PROTEGIDOS;HOGAR PROTEGIDO SANTIAGO APOSTOL DE UTCUBAMBA;00032178;Otros;9362220.995074;118985.418899
AMAZONAS;BAGUA;ARAMANGO;PUESTOS DE SALUD O POSTAS DE SALUD;CAMPO BONITO;00007010;Puesto de Salud;9390144.548917;118043.911592
AMAZONAS;BAGUA;ARAMANGO;PUESTOS DE SALUD O POSTAS DE SALUD;CHINGANZA;00007008;Puesto de Salud;9406143.626419;117497.574881
AMAZONAS;BAGUA;ARAMANGO;PUESTOS DE SALUD O POSTAS DE SALUD;COPALLIN DE ARAMANGO;00005055;Puesto de Salud;9395408.038989;116681.905560
AMAZONAS;BAGUA;ARAMANGO;PUESTOS DE SALUD O POSTAS DE SALUD;EL CEDRON;00007264;Puesto de Salud;9398644.352065;123000.241529
AMAZONAS;BAGUA;ARAMANGO;PUESTOS DE SALUD O POSTAS DE SALUD;GUAYAQUIL;00007263;Puesto de Salud;9398742.528137;124708.701414
AMAZONAS;BAGUA;ARAMANGO;PUESTOS DE SALUD O POSTAS DE SALUD;LA LIBERTAD;00005060;Puesto de Salud;9396785.135894;113511.040396
AMAZONAS;BAGUA;ARAMANGO;PUESTOS DE SALUD O POSTAS DE SALUD;MIRAFLORES DE ARAMANGO;00005054;Puesto de Salud;9396713.024251;122201.021515
AMAZONAS;BAGUA;ARAMANGO;PUESTOS DE SALUD O POSTAS DE SALUD;MONTENEGRO;00007009;Puesto de Salud;9412413.233630;119782.383169
AMAZONAS;BAGUA;ARAMANGO;PUESTOS DE SALUD O POSTAS DE SALUD;NAJEM;00007228;Puesto de Salud;9417367.288755;118500.628635
AMAZONAS;BAGUA;ARAMANGO;PUESTOS DE SALUD O POSTAS DE SALUD;NUMPARKET;00005058;Puesto de Salud;9397236.211452;124650.562533
AMAZONAS;BAGUA;ARAMANGO;PUESTOS DE SALUD O POSTAS DE SALUD;SAN JUAN DE DIOS;00007727;Puesto de Salud;9406857.930313;108746.789279
AMAZONAS;BAGUA;ARAMANGO;PUESTOS DE SALUD O POSTAS DE SALUD;SANTA CLARA;00007229;Puesto de Salud;9392976.058977;117439.433291
AMAZONAS;BAGUA;ARAMANGO;PUESTOS DE SALUD O POSTAS DE SALUD;SELVA VERDE;00007227;Puesto de Salud;9400116.141917;126787.351330
AMAZONAS;BAGUA;ARAMANGO;PUESTOS DE SALUD O POSTAS DE SALUD;SHAIM;00005061;Puesto de Salud;9419830.212432;113302.566333
AMAZONAS;BAGUA;ARAMANGO;PUESTOS DE SALUD O POSTAS DE SALUD;TUTUMBEROS;00005059;Puesto de Salud;9408854.035021;117005.042599
AMAZONAS;BAGUA;ARAMANGO;PUESTOS DE SALUD O POSTAS DE SALUD;ZAPOTAL;00005062;Puesto de Salud;9405337.928158;110198.564212
AMAZONAS;BAGUA;BAGUA;PUESTOS DE SALUD O POSTAS DE SALUD;ACERILLO;00007007;Puesto de Salud;9386567.178940;106712.742572
AMAZONAS;BAGUA;BAGUA;PUESTOS DE SALUD O POSTAS DE SALUD;CASUAL;00007759;Puesto de Salud;9381071.083869;106268.644386
AMAZONAS;BAGUA;BAGUA;PUESTOS DE SALUD O POSTAS DE SALUD;CRUCE ALENYA;00005047;Puesto de Salud;9372087.782970;113379.459036
AMAZONAS;BAGUA;BAGUA;PUESTOS DE SALUD O POSTAS DE SALUD;ESPITAL;00005045;Puesto de Salud;9388880.640593;112103.350971
AMAZONAS;BAGUA;BAGUA;PUESTOS DE SALUD O POSTAS DE SALUD;LA PRIMAVERA;00007276;Puesto de Salud;9375984.849834;107664.269982
AMAZONAS;BAGUA;BAGUA;PUESTOS DE SALUD O POSTAS DE SALUD;NARANJOS;00007300;Puesto de Salud;9391562.733084;112442.730864
AMAZONAS;BAGUA;BAGUA;PUESTOS DE SALUD O POSTAS DE SALUD;POSTA MEDICA  POLICIAL  BAGUA;00012954;Puesto de Salud;9375492.069705;108588.172345
AMAZONAS;BAGUA;BAGUA;PUESTOS DE SALUD O POSTAS DE SALUD;TOMAQUE;00005048;Puesto de Salud;9374391.442072;111557.184396
AMAZONAS;BAGUA;COPALLIN;PUESTOS DE SALUD O POSTAS DE SALUD;ALENYA;00007299;Puesto de Salud;9370255.865949;114455.510829
AMAZONAS;BAGUA;COPALLIN;PUESTOS DE SALUD O POSTAS DE SALUD;CHONZA LAGUNA;00005065;Puesto de Salud;9375579.817522;123332.147544
AMAZONAS;BAGUA;COPALLIN;PUESTOS DE SALUD O POSTAS DE SALUD;LLUHUANA;00007004;Puesto de Salud;9371371.435386;123268.051131
AMAZONAS;BAGUA;COPALLIN;PUESTOS DE SALUD O POSTAS DE SALUD;PAN DE AZUCAR;00005064;Puesto de Salud;9372033.666768;124783.897712
AMAZONAS;BAGUA;COPALLIN;PUESTOS DE SALUD O POSTAS DE SALUD;SANTA CRUZ DE MOROCHAL;00007005;Puesto de Salud;9373102.455094;127672.905762
AMAZONAS;BAGUA;EL PARCO;PUESTOS DE SALUD O POSTAS DE SALUD;TOLOPAMPA;00007262;Puesto de Salud;9379734.159451;114188.016226
AMAZONAS;BAGUA;EL PARCO;PUESTOS DE SALUD O POSTAS DE SALUD;UNION PROGRESO;00007758;Puesto de Salud;9382712.737468;114103.795556
AMAZONAS;BAGUA;IMAZA;PUESTOS DE SALUD O POSTAS DE SALUD;BICHANAK;00005083;Puesto de Salud;9453248.502244;145438.920593
AMAZONAS;BAGUA;IMAZA;PUESTOS DE SALUD O POSTAS DE SALUD;CENTRO WAWIK;00006719;Puesto de Salud;9467772.633554;145181.210304
AMAZONAS;BAGUA;IMAZA;PUESTOS DE SALUD O POSTAS DE SALUD;CHIJA;00005078;Puesto de Salud;9471681.985718;109160.549219
AMAZONAS;BAGUA;IMAZA;PUESTOS DE SALUD O POSTAS DE SALUD;DURAND;00014208;Puesto de Salud;9420015.881314;127011.654732
AMAZONAS;BAGUA;IMAZA;PUESTOS DE SALUD O POSTAS DE SALUD;JEMPEST-CHICAIS;00005074;Puesto de Salud;9479989.048754;146268.750120
AMAZONAS;BAGUA;IMAZA;PUESTOS DE SALUD O POSTAS DE SALUD;KUNCHIN;00005194;Puesto de Salud;9441846.896983;119656.640374
AMAZONAS;BAGUA;IMAZA;PUESTOS DE SALUD O POSTAS DE SALUD;KUSU;00005072;Puesto de Salud;9470601.143275;132306.004762
AMAZONAS;BAGUA;IMAZA;PUESTOS DE SALUD O POSTAS DE SALUD;KUSU GRANDE;00014209;Puesto de Salud;9441442.749528;137968.847769
AMAZONAS;BAGUA;IMAZA;PUESTOS DE SALUD O POSTAS DE SALUD;LISTRA;00007234;Puesto de Salud;9471363.193681;131902.446208
AMAZONAS;BAGUA;IMAZA;PUESTOS DE SALUD O POSTAS DE SALUD;MESONES MURO;00007435;Puesto de Salud;9438216.085515;130524.071021
AMAZONAS;BAGUA;IMAZA;PUESTOS DE SALUD O POSTAS DE SALUD;NAYUMPIN;00005091;Puesto de Salud;9420899.225873;139139.334017
AMAZONAS;BAGUA;IMAZA;PUESTOS DE SALUD O POSTAS DE SALUD;NAZARETH;00007003;Puesto de Salud;9431048.953342;132059.958614
AMAZONAS;BAGUA;IMAZA;PUESTOS DE SALUD O POSTAS DE SALUD;NUEVA VIDA;00007232;Puesto de Salud;9485442.292760;150143.005492
AMAZONAS;BAGUA;IMAZA;PUESTOS DE SALUD O POSTAS DE SALUD;NUEVO BELEN;00014210;Puesto de Salud;9464377.160539;145896.808165
AMAZONAS;BAGUA;IMAZA;PUESTOS DE SALUD O POSTAS DE SALUD;NUMPATKAIM;00005073;Puesto de Salud;9462578.681453;131078.866234
AMAZONAS;BAGUA;IMAZA;PUESTOS DE SALUD O POSTAS DE SALUD;PAKUIT;00005087;Puesto de Salud;9423393.714741;137639.034789
AMAZONAS;BAGUA;IMAZA;PUESTOS DE SALUD O POSTAS DE SALUD;SAMAREN-YUPICUSA;00005088;Puesto de Salud;9425377.203145;125295.583588
AMAZONAS;BAGUA;IMAZA;PUESTOS DE SALUD O POSTAS DE SALUD;SAN PABLO;00007233;Puesto de Salud;9473061.054078;146800.359426
AMAZONAS;BAGUA;IMAZA;PUESTOS DE SALUD O POSTAS DE SALUD;SAN RAFAEL;00007136;Puesto de Salud;9429284.322985;129160.496621
AMAZONAS;BAGUA;IMAZA;PUESTOS DE SALUD O POSTAS DE SALUD;SAN RAMON;00012774;Puesto de Salud;9427898.134242;126669.891441
AMAZONAS;BAGUA;IMAZA;PUESTOS DE SALUD O POSTAS DE SALUD;SHIMPUENTS;00005090;Puesto de Salud;9425177.954866;151060.372355
AMAZONAS;BAGUA;IMAZA;PUESTOS DE SALUD O POSTAS DE SALUD;SHUSHUG;00005085;Puesto de Salud;9424148.232456;131585.374799
AMAZONAS;BAGUA;IMAZA;PUESTOS DE SALUD O POSTAS DE SALUD;SIJIAK;00005080;Puesto de Salud;9454772.581192;111625.546524
AMAZONAS;BAGUA;IMAZA;PUESTOS DE SALUD O POSTAS DE SALUD;SUKUTIN;00007001;Puesto de Salud;9412472.850550;134832.780425
AMAZONAS;BAGUA;IMAZA;PUESTOS DE SALUD O POSTAS DE SALUD;TENASHNUM;00007231;Puesto de Salud;9435975.203679;127582.265405
AMAZONAS;BAGUA;IMAZA;PUESTOS DE SALUD O POSTAS DE SALUD;TUNTUS;00005077;Puesto de Salud;9483614.982307;101465.887297
AMAZONAS;BAGUA;IMAZA;PUESTOS DE SALUD O POSTAS DE SALUD;UUT;00005079;Puesto de Salud;9448800.688048;130347.938113
AMAZONAS;BAGUA;IMAZA;PUESTOS DE SALUD O POSTAS DE SALUD;WAJUYAT;00005082;Puesto de Salud;9453326.682976;129803.206329
AMAZONAS;BAGUA;IMAZA;PUESTOS DE SALUD O POSTAS DE SALUD;WANTSA;00007002;Puesto de Salud;9446721.288263;124295.298732
AMAZONAS;BAGUA;IMAZA;PUESTOS DE SALUD O POSTAS DE SALUD;WAWAIN;00005086;Puesto de Salud;9430298.215801;141111.358582
AMAZONAS;BAGUA;IMAZA;PUESTOS DE SALUD O POSTAS DE SALUD;WAWAS;00005089;Puesto de Salud;9421355.465991;129035.901911
AMAZONAS;BAGUA;IMAZA;PUESTOS DE SALUD O POSTAS DE SALUD;WAWICO;00006986;Puesto de Salud;9453579.455337;145193.043806
AMAZONAS;BAGUA;IMAZA;PUESTOS DE SALUD O POSTAS DE SALUD;YAMAYAKAT;00007230;Puesto de Salud;9440160.096424;129592.496094
AMAZONAS;BAGUA;IMAZA;PUESTOS DE SALUD O POSTAS DE SALUD;YANAT;00005076;Puesto de Salud;9452557.848154;107483.005152
AMAZONAS;BAGUA;LA PECA;PUESTOS DE SALUD O POSTAS DE SALUD;ARRAYAN;00005052;Puesto de Salud;9379870.448175;118514.305278
AMAZONAS;BAGUA;LA PECA;PUESTOS DE SALUD O POSTAS DE SALUD;CHONZA ALTA;00005050;Puesto de Salud;9377748.766230;123075.440435
AMAZONAS;BAGUA;LA PECA;PUESTOS DE SALUD O POSTAS DE SALUD;EL TRIUNFO;00005051;Puesto de Salud;9375620.828366;120880.181225
AMAZONAS;BAGUA;LA PECA;PUESTOS DE SALUD O POSTAS DE SALUD;SAN FRANCISCO;00007006;Puesto de Salud;9377407.286516;117718.894683
AMAZONAS;BAGUA;LA PECA;PUESTOS DE SALUD O POSTAS DE SALUD;SAN ISIDRO;00005046;Puesto de Salud;9384938.987425;114146.140999
AMAZONAS;BONGARA;CHISQUILLA;PUESTOS DE SALUD O POSTAS DE SALUD;CHISQUILLA;00004915;Puesto de Salud;9348158.378944;190618.507237
AMAZONAS;BONGARA;CHURUJA;PUESTOS DE SALUD O POSTAS DE SALUD;CHURUJA;00004919;Puesto de Salud;9334197.600368;172893.637273
AMAZONAS;BONGARA;COROSHA;PUESTOS DE SALUD O POSTAS DE SALUD;COROSHA;00004916;Puesto de Salud;9356074.807037;186821.634033
AMAZONAS;BONGARA;CUISPES;PUESTOS DE SALUD O POSTAS DE SALUD;CUISPES;00004920;Puesto de Salud;9342142.498141;170335.074966
AMAZONAS;BONGARA;CUISPES;PUESTOS DE SALUD O POSTAS DE SALUD;FANRRE;00004921;Puesto de Salud;9342142.498141;170335.074966
AMAZONAS;BONGARA;FLORIDA;PUESTOS DE SALUD O POSTAS DE SALUD;CARRERA;00004933;Puesto de Salud;9350256.979999;172563.962068
AMAZONAS;BONGARA;FLORIDA;PUESTOS DE SALUD O POSTAS DE SALUD;GUALULO;00004934;Puesto de Salud;9352619.906721;177805.584913
AMAZONAS;BONGARA;FLORIDA;PUESTOS DE SALUD O POSTAS DE SALUD;SAN JOSE DE POMACOCHAS;00021934;Puesto de Salud;9355298.128924;171362.388480
AMAZONAS;BONGARA;JAZAN;PUESTOS DE SALUD O POSTAS DE SALUD;CENTRO DE ATENCI?ÙN PRIMARIA I PEDRO RUIZ;00009072;Puesto de Salud;9341410.574995;170084.109683
AMAZONAS;BONGARA;JAZAN;PUESTOS DE SALUD O POSTAS DE SALUD;CHOSGON;00004923;Puesto de Salud;9342142.498141;170335.074966
AMAZONAS;BONGARA;JAZAN;PUESTOS DE SALUD O POSTAS DE SALUD;DUNIA CHICO;00007261;Puesto de Salud;9342142.498141;170335.074966
AMAZONAS;BONGARA;JAZAN;PUESTOS DE SALUD O POSTAS DE SALUD;LA UNION;00004925;Puesto de Salud;9342142.498141;170335.074966
AMAZONAS;BONGARA;JAZAN;PUESTOS DE SALUD O POSTAS DE SALUD;SAN JERONIMO;00004924;Puesto de Salud;9342142.498141;170335.074966
AMAZONAS;BONGARA;JUMBILLA;PUESTOS DE SALUD O POSTAS DE SALUD;LAS PALMAS;00009679;Puesto de Salud;9346462.823358;190172.643272
AMAZONAS;BONGARA;RECTA;PUESTOS DE SALUD O POSTAS DE SALUD;RECTA;00004926;Puesto de Salud;9345128.377563;191110.236061
AMAZONAS;BONGARA;SAN CARLOS;PUESTOS DE SALUD O POSTAS DE SALUD;SAN CARLOS;00004927;Puesto de Salud;9342142.498141;170335.074966
AMAZONAS;BONGARA;SHIPASBAMBA;PUESTOS DE SALUD O POSTAS DE SALUD;COMBOCA;00007260;Puesto de Salud;9342142.498141;170335.074966
AMAZONAS;BONGARA;SHIPASBAMBA;PUESTOS DE SALUD O POSTAS DE SALUD;LA FLORIDA DE SHIPASBAMBA;00007051;Puesto de Salud;9342142.498141;170335.074966
AMAZONAS;BONGARA;SHIPASBAMBA;PUESTOS DE SALUD O POSTAS DE SALUD;SHIPASBAMBA;00004935;Puesto de Salud;9350454.063434;159826.246261
AMAZONAS;BONGARA;VALERA;PUESTOS DE SALUD O POSTAS DE SALUD;COCACHIMBA;00004929;Puesto de Salud;9329562.324808;179544.818023
AMAZONAS;BONGARA;VALERA;PUESTOS DE SALUD O POSTAS DE SALUD;LA COCA;00007052;Puesto de Salud;9328454.799699;179417.775200
AMAZONAS;BONGARA;VALERA;PUESTOS DE SALUD O POSTAS DE SALUD;MATIAZA RIMACHI;00004930;Puesto de Salud;9330460.070118;175639.748749
AMAZONAS;BONGARA;VALERA;PUESTOS DE SALUD O POSTAS DE SALUD;SAN PABLO DE VALERA;00004928;Puesto de Salud;9342142.498141;170335.074966
AMAZONAS;BONGARA;YAMBRASBAMBA;PUESTOS DE SALUD O POSTAS DE SALUD;BUENOS AIRES;00004937;Puesto de Salud;9365073.156489;178041.039324
AMAZONAS;BONGARA;YAMBRASBAMBA;PUESTOS DE SALUD O POSTAS DE SALUD;CHAYUYAKU;00007378;Puesto de Salud;9365427.176742;175832.999008
AMAZONAS;BONGARA;YAMBRASBAMBA;PUESTOS DE SALUD O POSTAS DE SALUD;LA ESPERANZA;00004939;Puesto de Salud;9368238.985555;178091.533870
AMAZONAS;BONGARA;YAMBRASBAMBA;PUESTOS DE SALUD O POSTAS DE SALUD;LA FLORIDA DE YAMBRASBAMBA;00007055;Puesto de Salud;9371597.584146;174670.674869
AMAZONAS;BONGARA;YAMBRASBAMBA;PUESTOS DE SALUD O POSTAS DE SALUD;PERLA DE IMAZA;00007056;Puesto de Salud;9381065.837342;171162.992513
AMAZONAS;BONGARA;YAMBRASBAMBA;PUESTOS DE SALUD O POSTAS DE SALUD;PROGRESO;00004936;Puesto de Salud;9369613.580780;182940.732355
AMAZONAS;BONGARA;YAMBRASBAMBA;PUESTOS DE SALUD O POSTAS DE SALUD;SAN JOSE DE YAMBRASBAMBA;00030972;Puesto de Salud;9370951.373132;165260.034017
AMAZONAS;BONGARA;YAMBRASBAMBA;PUESTOS DE SALUD O POSTAS DE SALUD;VILLA HERMOSA;00007058;Puesto de Salud;9355298.128924;171362.388480
AMAZONAS;BONGARA;YAMBRASBAMBA;PUESTOS DE SALUD O POSTAS DE SALUD;YAMBRASBAMBA;00004938;Puesto de Salud;9355298.128924;171362.388480
AMAZONAS;CHACHAPOYAS;ASUNCION;PUESTOS DE SALUD O POSTAS DE SALUD;ASUNCION GONCHA;00004912;Puesto de Salud;9332456.545559;199949.182951
AMAZONAS;CHACHAPOYAS;BALSAS;PUESTOS DE SALUD O POSTAS DE SALUD;GOLLON;00004857;Puesto de Salud;9254676.943677;174810.040037
AMAZONAS;CHACHAPOYAS;BALSAS;PUESTOS DE SALUD O POSTAS DE SALUD;SAULLAMUR;00007148;Puesto de Salud;9245878.512561;175073.579623
AMAZONAS;CHACHAPOYAS;CHACHAPOYAS;PUESTOS DE SALUD O POSTAS DE SALUD;EL MOLINO;00007038;Puesto de Salud;9308525.385319;180323.392486
AMAZONAS;CHACHAPOYAS;CHACHAPOYAS;PUESTOS DE SALUD O POSTAS DE SALUD;HIGOS URCO;00007039;Puesto de Salud;9310181.579571;183637.160915
AMAZONAS;CHACHAPOYAS;CHACHAPOYAS;PUESTOS DE SALUD O POSTAS DE SALUD;MARIA DOLORES QUISPE VILCHEZ;00027352;Puesto de Salud;9312227.993696;183415.630308
AMAZONAS;CHACHAPOYAS;CHACHAPOYAS;PUESTOS DE SALUD O POSTAS DE SALUD;OPTICAS DEL NORTE;00011449;Puesto de Salud;9310550.126878;182206.338527
AMAZONAS;CHACHAPOYAS;CHACHAPOYAS;PUESTOS DE SALUD O POSTAS DE SALUD;PEDRO CASTRO ALVA;00007037;Puesto de Salud;9312225.355485;182928.280564
AMAZONAS;CHACHAPOYAS;CHACHAPOYAS;PUESTOS DE SALUD O POSTAS DE SALUD;SAN ISIDRO DE UTCUBAMBA;00004840;Puesto de Salud;9304600.168299;175095.222567
AMAZONAS;CHACHAPOYAS;CHACHAPOYAS;PUESTOS DE SALUD O POSTAS DE SALUD;SE?ÊOR DE LOS MILAGROS;00013131;Puesto de Salud;9311766.520140;182000.346930
AMAZONAS;CHACHAPOYAS;CHACHAPOYAS;PUESTOS DE SALUD O POSTAS DE SALUD;TAQUIA;00004839;Puesto de Salud;9307805.800538;186396.776547
AMAZONAS;CHACHAPOYAS;CHACHAPOYAS;PUESTOS DE SALUD O POSTAS DE SALUD;VIRGEN DE ASUNTA;00007040;Puesto de Salud;9309756.127396;182742.313328
AMAZONAS;CHACHAPOYAS;CHETO;PUESTOS DE SALUD O POSTAS DE SALUD;CHETO;00004878;Puesto de Salud;9307750.571225;201126.406361
AMAZONAS;CHACHAPOYAS;CHILIQUIN;PUESTOS DE SALUD O POSTAS DE SALUD;CHILIQUIN;00004880;Puesto de Salud;9327328.843841;196994.825331
AMAZONAS;CHACHAPOYAS;CHILIQUIN;PUESTOS DE SALUD O POSTAS DE SALUD;CUELCHO;00007071;Puesto de Salud;9320391.322726;195124.910395
AMAZONAS;CHACHAPOYAS;CHILIQUIN;PUESTOS DE SALUD O POSTAS DE SALUD;SENGACHE;00007072;Puesto de Salud;9325218.623656;189084.743196
AMAZONAS;CHACHAPOYAS;CHILIQUIN;PUESTOS DE SALUD O POSTAS DE SALUD;VITUYA;00004879;Puesto de Salud;9324540.863830;190705.689028
AMAZONAS;CHACHAPOYAS;CHUQUIBAMBA;PUESTOS DE SALUD O POSTAS DE SALUD;ATUEN;00007175;Puesto de Salud;9232642.207034;184545.614151
AMAZONAS;CHACHAPOYAS;CHUQUIBAMBA;PUESTOS DE SALUD O POSTAS DE SALUD;CANAAN;00007176;Puesto de Salud;9279046.554727;234578.032507
AMAZONAS;CHACHAPOYAS;CHUQUIBAMBA;PUESTOS DE SALUD O POSTAS DE SALUD;CHUMBOL;00007068;Puesto de Salud;9233203.943357;175029.760891
AMAZONAS;CHACHAPOYAS;CHUQUIBAMBA;PUESTOS DE SALUD O POSTAS DE SALUD;COCHABAMBA;00007174;Puesto de Salud;9233187.301553;179520.726795
AMAZONAS;CHACHAPOYAS;CHUQUIBAMBA;PUESTOS DE SALUD O POSTAS DE SALUD;LA MORADA;00007067;Puesto de Salud;9231981.156630;192501.720871
AMAZONAS;CHACHAPOYAS;GRANADA;PUESTOS DE SALUD O POSTAS DE SALUD;GRANADA;00004868;Puesto de Salud;9324346.065436;209161.437993
AMAZONAS;CHACHAPOYAS;HUANCAS;PUESTOS DE SALUD O POSTAS DE SALUD;HUANCAS;00004841;Puesto de Salud;9316752.484119;182970.298967
AMAZONAS;CHACHAPOYAS;HUANCAS;PUESTOS DE SALUD O POSTAS DE SALUD;PUESTO DE SALUD ESTABLECIMIENTO PENAL CHACHAPOYAS;00018843;Puesto de Salud;9318200.472710;182608.032165
AMAZONAS;CHACHAPOYAS;LA JALCA;PUESTOS DE SALUD O POSTAS DE SALUD;BUIQUIL;00007070;Puesto de Salud;9285444.134335;185622.559511
AMAZONAS;CHACHAPOYAS;LA JALCA;PUESTOS DE SALUD O POSTAS DE SALUD;CUEYQUETA;00007281;Puesto de Salud;9277824.644232;188742.628981
AMAZONAS;CHACHAPOYAS;LA JALCA;PUESTOS DE SALUD O POSTAS DE SALUD;EL TRIUNFO;00004952;Puesto de Salud;9282580.542228;188151.562351
AMAZONAS;CHACHAPOYAS;LA JALCA;PUESTOS DE SALUD O POSTAS DE SALUD;NUEVA ESPERANZA;00004951;Puesto de Salud;9282580.542228;188151.562351
AMAZONAS;CHACHAPOYAS;LA JALCA;PUESTOS DE SALUD O POSTAS DE SALUD;PENGOTE;00007280;Puesto de Salud;9275623.879239;189053.801856
AMAZONAS;CHACHAPOYAS;LA JALCA;PUESTOS DE SALUD O POSTAS DE SALUD;QUELUCAS;00007069;Puesto de Salud;9277418.586309;187383.374497
AMAZONAS;CHACHAPOYAS;LA JALCA;PUESTOS DE SALUD O POSTAS DE SALUD;QUILLUNYA;00004906;Puesto de Salud;9274195.362913;188917.915287
AMAZONAS;CHACHAPOYAS;LEIMEBAMBA;PUESTOS DE SALUD O POSTAS DE SALUD;CHILCHOS;00004860;Puesto de Salud;9232642.207034;184545.614151
AMAZONAS;CHACHAPOYAS;LEIMEBAMBA;PUESTOS DE SALUD O POSTAS DE SALUD;PLAZAPAMPA;00004861;Puesto de Salud;9252159.399135;175843.245897
AMAZONAS;CHACHAPOYAS;LEVANTO;PUESTOS DE SALUD O POSTAS DE SALUD;LEVANTO;00004842;Puesto de Salud;9301933.253628;179174.761538
AMAZONAS;CHACHAPOYAS;MAGDALENA;PUESTOS DE SALUD O POSTAS DE SALUD;MAGDALENA;00004891;Puesto de Salud;9294406.826827;179216.865337
AMAZONAS;CHACHAPOYAS;MARISCAL CASTILLA;PUESTOS DE SALUD O POSTAS DE SALUD;DURAZNOPAMPA;00004907;Puesto de Salud;9270543.951067;189093.407282
AMAZONAS;CHACHAPOYAS;MARISCAL CASTILLA;PUESTOS DE SALUD O POSTAS DE SALUD;TACTA;00004908;Puesto de Salud;9271776.800549;189861.227190
AMAZONAS;CHACHAPOYAS;MOLINOPAMPA;PUESTOS DE SALUD O POSTAS DE SALUD;CASMAL;00009667;Puesto de Salud;9316239.856706;199178.005377
AMAZONAS;CHACHAPOYAS;MOLINOPAMPA;PUESTOS DE SALUD O POSTAS DE SALUD;IZCUCHACA;00004941;Puesto de Salud;9304851.712672;216654.424793
AMAZONAS;CHACHAPOYAS;MOLINOPAMPA;PUESTOS DE SALUD O POSTAS DE SALUD;SAN JOSE;00004870;Puesto de Salud;9304851.712672;216654.424793
AMAZONAS;CHACHAPOYAS;MONTEVIDEO;PUESTOS DE SALUD O POSTAS DE SALUD;MONTEVIDEO;00004909;Puesto de Salud;9267528.831094;190228.224414
AMAZONAS;CHACHAPOYAS;OLLEROS;PUESTOS DE SALUD O POSTAS DE SALUD;OLLEROS;00004871;Puesto de Salud;9330266.950811;207005.744157
AMAZONAS;CHACHAPOYAS;OLLEROS;PUESTOS DE SALUD O POSTAS DE SALUD;SAN MIGUEL DE LA REYNA;00004918;Puesto de Salud;9335572.163169;198903.336169
AMAZONAS;CHACHAPOYAS;QUINJALCA;PUESTOS DE SALUD O POSTAS DE SALUD;CHONTAPAMPA DE QUINJALCA;00006988;Puesto de Salud;9317563.484786;198318.387770
AMAZONAS;CHACHAPOYAS;QUINJALCA;PUESTOS DE SALUD O POSTAS DE SALUD;QUINJALCA;00004872;Puesto de Salud;9325889.614596;203504.629425
AMAZONAS;CHACHAPOYAS;SAN ISIDRO DE MAINO;PUESTOS DE SALUD O POSTAS DE SALUD;MAINO;00004892;Puesto de Salud;9298502.502092;181253.681623
AMAZONAS;CHACHAPOYAS;SOLOCO;PUESTOS DE SALUD O POSTAS DE SALUD;MITO;00004883;Puesto de Salud;9308409.527699;193769.556494
AMAZONAS;CHACHAPOYAS;SOLOCO;PUESTOS DE SALUD O POSTAS DE SALUD;OQUISH;00007282;Puesto de Salud;9293617.036970;218237.516489
AMAZONAS;CHACHAPOYAS;SOLOCO;PUESTOS DE SALUD O POSTAS DE SALUD;QUITACHI;00007279;Puesto de Salud;9308409.527699;193769.556494
AMAZONAS;CHACHAPOYAS;SOLOCO;PUESTOS DE SALUD O POSTAS DE SALUD;SOLOCO;00004882;Puesto de Salud;9307327.203769;196311.314863
AMAZONAS;CHACHAPOYAS;SONCHE;PUESTOS DE SALUD O POSTAS DE SALUD;NUEVO OLMAL;00007421;Puesto de Salud;9315562.704758;192358.660234
AMAZONAS;CHACHAPOYAS;SONCHE;PUESTOS DE SALUD O POSTAS DE SALUD;SONCHE;00004884;Puesto de Salud;9311680.829200;192888.497662
AMAZONAS;CONDORCANQUI;EL CENEPA;PUESTOS DE SALUD O POSTAS DE SALUD;ACHUIM;00005167;Puesto de Salud;9503854.642014;116225.251994
AMAZONAS;CONDORCANQUI;EL CENEPA;PUESTOS DE SALUD O POSTAS DE SALUD;CANGA;00007724;Puesto de Salud;9506433.431995;145317.837530
AMAZONAS;CONDORCANQUI;EL CENEPA;PUESTOS DE SALUD O POSTAS DE SALUD;KUMPIN;00023140;Puesto de Salud;9511751.944798;159528.666391
AMAZONAS;CONDORCANQUI;EL CENEPA;PUESTOS DE SALUD O POSTAS DE SALUD;KUSU KUBAIM;00005165;Puesto de Salud;9509307.725283;139271.513985
AMAZONAS;CONDORCANQUI;EL CENEPA;PUESTOS DE SALUD O POSTAS DE SALUD;KUSU NUMPATKAIM;00005169;Puesto de Salud;9512537.942403;121319.748149
AMAZONAS;CONDORCANQUI;EL CENEPA;PUESTOS DE SALUD O POSTAS DE SALUD;KUSU PAGATA;00005163;Puesto de Salud;9511423.493720;136995.233195
AMAZONAS;CONDORCANQUI;EL CENEPA;PUESTOS DE SALUD O POSTAS DE SALUD;KUYUMATAK;00023142;Puesto de Salud;9512526.938772;128666.365605
AMAZONAS;CONDORCANQUI;EL CENEPA;PUESTOS DE SALUD O POSTAS DE SALUD;MAMAYAQUE;00005166;Puesto de Salud;9490277.931430;144678.104102
AMAZONAS;CONDORCANQUI;EL CENEPA;PUESTOS DE SALUD O POSTAS DE SALUD;PAANTAN ENTSA;00023145;Puesto de Salud;9496981.230206;135981.894552
AMAZONAS;CONDORCANQUI;EL CENEPA;PUESTOS DE SALUD O POSTAS DE SALUD;PAMPA ENTZA;00005170;Puesto de Salud;9498481.390094;115728.420715
AMAZONAS;CONDORCANQUI;EL CENEPA;PUESTOS DE SALUD O POSTAS DE SALUD;SHAIM;00005173;Puesto de Salud;9526937.596591;127313.214820
AMAZONAS;CONDORCANQUI;EL CENEPA;PUESTOS DE SALUD O POSTAS DE SALUD;SHAMATAK GRANDE;00005168;Puesto de Salud;9492990.824972;113887.853477
AMAZONAS;CONDORCANQUI;EL CENEPA;PUESTOS DE SALUD O POSTAS DE SALUD;TEESH;00005164;Puesto de Salud;9522738.253086;124185.933216
AMAZONAS;CONDORCANQUI;EL CENEPA;PUESTOS DE SALUD O POSTAS DE SALUD;TUANG ENTSA;00005174;Puesto de Salud;9516894.142722;144995.097709
AMAZONAS;CONDORCANQUI;EL CENEPA;PUESTOS DE SALUD O POSTAS DE SALUD;WAWAIN;00005172;Puesto de Salud;9486882.480100;150369.859176
AMAZONAS;CONDORCANQUI;EL CENEPA;PUESTOS DE SALUD O POSTAS DE SALUD;WICHIM;00023141;Puesto de Salud;9564194.047349;146271.510603
AMAZONAS;CONDORCANQUI;NIEVA;PUESTOS DE SALUD O POSTAS DE SALUD;AJACHIN;00030333;Puesto de Salud;9488699.998332;174087.142334
AMAZONAS;CONDORCANQUI;NIEVA;PUESTOS DE SALUD O POSTAS DE SALUD;ALAN GARCIA;00007330;Puesto de Salud;9454109.391745;154217.690049
AMAZONAS;CONDORCANQUI;NIEVA;PUESTOS DE SALUD O POSTAS DE SALUD;ALTO PAJACUSA;00023137;Puesto de Salud;9489861.182044;196060.057736
AMAZONAS;CONDORCANQUI;NIEVA;PUESTOS DE SALUD O POSTAS DE SALUD;ATSAKUS;00023138;Puesto de Salud;9504525.361152;190495.517297
AMAZONAS;CONDORCANQUI;NIEVA;PUESTOS DE SALUD O POSTAS DE SALUD;BAJO PUPUNTAS;00007376;Puesto de Salud;9504283.111888;202691.327568
AMAZONAS;CONDORCANQUI;NIEVA;PUESTOS DE SALUD O POSTAS DE SALUD;BASHUTAK;00023139;Puesto de Salud;9502708.926998;201919.686831
AMAZONAS;CONDORCANQUI;NIEVA;PUESTOS DE SALUD O POSTAS DE SALUD;CACHIACCO;00005152;Puesto de Salud;9433108.869460;172919.867892
AMAZONAS;CONDORCANQUI;NIEVA;PUESTOS DE SALUD O POSTAS DE SALUD;CHORROS;00010302;Puesto de Salud;9463632.760394;164633.494136
AMAZONAS;CONDORCANQUI;NIEVA;PUESTOS DE SALUD O POSTAS DE SALUD;CIRO ALEGRIA;00005158;Puesto de Salud;9489238.574022;173174.193893
AMAZONAS;CONDORCANQUI;NIEVA;PUESTOS DE SALUD O POSTAS DE SALUD;CUZUMATAK;00007328;Puesto de Salud;9455930.417595;155397.235332
AMAZONAS;CONDORCANQUI;NIEVA;PUESTOS DE SALUD O POSTAS DE SALUD;ENFERMER?ÏA BATALL?ÙN DE INFANTER?ÏA SELVA  N?? 32 - CIRO ALEGR?ÏA;00024193;Puesto de Salud;9490804.079472;182530.274441
AMAZONAS;CONDORCANQUI;NIEVA;PUESTOS DE SALUD O POSTAS DE SALUD;ENFERMERIA UMAR N?? 1 - URAKUZA;00028370;Puesto de Salud;9478718.200848;161635.184000
AMAZONAS;CONDORCANQUI;NIEVA;PUESTOS DE SALUD O POSTAS DE SALUD;JAPAIME ESCUELA;00030335;Puesto de Salud;9482996.998488;186914.782993
AMAZONAS;CONDORCANQUI;NIEVA;PUESTOS DE SALUD O POSTAS DE SALUD;KAYAMAS;00005159;Puesto de Salud;9437171.923885;170692.563196
AMAZONAS;CONDORCANQUI;NIEVA;PUESTOS DE SALUD O POSTAS DE SALUD;NAPURUKA;00005150;Puesto de Salud;9484603.147029;163264.496490
AMAZONAS;CONDORCANQUI;NIEVA;PUESTOS DE SALUD O POSTAS DE SALUD;NUEVA UNIDA;00023136;Puesto de Salud;9465312.563203;174108.274012
AMAZONAS;CONDORCANQUI;NIEVA;PUESTOS DE SALUD O POSTAS DE SALUD;NUEVO SEASME;00005157;Puesto de Salud;9481243.535715;188465.291742
AMAZONAS;CONDORCANQUI;NIEVA;PUESTOS DE SALUD O POSTAS DE SALUD;NUMPATKAIM;00007331;Puesto de Salud;9425100.959720;181390.325218
AMAZONAS;CONDORCANQUI;NIEVA;PUESTOS DE SALUD O POSTAS DE SALUD;PAANTAM;00007202;Puesto de Salud;9453974.554377;156161.347489
AMAZONAS;CONDORCANQUI;NIEVA;PUESTOS DE SALUD O POSTAS DE SALUD;PUMPUSHAK;00005153;Puesto de Salud;9499983.988763;172674.753356
AMAZONAS;CONDORCANQUI;NIEVA;PUESTOS DE SALUD O POSTAS DE SALUD;SAASA;00005161;Puesto de Salud;9508604.561824;166740.971814
AMAZONAS;CONDORCANQUI;NIEVA;PUESTOS DE SALUD O POSTAS DE SALUD;YUMINGKUS;00005154;Puesto de Salud;9505179.319311;170976.356579
AMAZONAS;CONDORCANQUI;RIO SANTIAGO;PUESTOS DE SALUD O POSTAS DE SALUD;AITAM;00005191;Puesto de Salud;9565236.020251;183420.770460
AMAZONAS;CONDORCANQUI;RIO SANTIAGO;PUESTOS DE SALUD O POSTAS DE SALUD;ALTO YUTUPIS;00005189;Puesto de Salud;9551972.706212;182099.705643
AMAZONAS;CONDORCANQUI;RIO SANTIAGO;PUESTOS DE SALUD O POSTAS DE SALUD;AMPAMA;00005192;Puesto de Salud;9639853.293672;180262.516668
AMAZONAS;CONDORCANQUI;RIO SANTIAGO;PUESTOS DE SALUD O POSTAS DE SALUD;AYAMBIS;00007728;Puesto de Salud;9597269.878603;192188.212648
AMAZONAS;CONDORCANQUI;RIO SANTIAGO;PUESTOS DE SALUD O POSTAS DE SALUD;BELEN;00005184;Puesto de Salud;9530678.938592;197453.643413
AMAZONAS;CONDORCANQUI;RIO SANTIAGO;PUESTOS DE SALUD O POSTAS DE SALUD;CATERPIZA;00005188;Puesto de Salud;9567056.755130;198486.424314
AMAZONAS;CONDORCANQUI;RIO SANTIAGO;PUESTOS DE SALUD O POSTAS DE SALUD;CHAPIZA;00005177;Puesto de Salud;9587730.198736;199188.177526
AMAZONAS;CONDORCANQUI;RIO SANTIAGO;PUESTOS DE SALUD O POSTAS DE SALUD;CHINGANAZA;00005181;Puesto de Salud;9566546.435012;194698.068699
AMAZONAS;CONDORCANQUI;RIO SANTIAGO;PUESTOS DE SALUD O POSTAS DE SALUD;CHOSICA;00007270;Puesto de Salud;9569812.380242;198544.224206
AMAZONAS;CONDORCANQUI;RIO SANTIAGO;PUESTOS DE SALUD O POSTAS DE SALUD;CUCUAZA;00005185;Puesto de Salud;9630390.474271;180200.882246
AMAZONAS;CONDORCANQUI;RIO SANTIAGO;PUESTOS DE SALUD O POSTAS DE SALUD;GUAYABAL;00005176;Puesto de Salud;9539471.136247;199089.620189
AMAZONAS;CONDORCANQUI;RIO SANTIAGO;PUESTOS DE SALUD O POSTAS DE SALUD;HUABAL;00005190;Puesto de Salud;9559068.403601;195545.216253
AMAZONAS;CONDORCANQUI;RIO SANTIAGO;PUESTOS DE SALUD O POSTAS DE SALUD;KAGKAS;00023146;Puesto de Salud;9526052.560439;182082.750901
AMAZONAS;CONDORCANQUI;RIO SANTIAGO;PUESTOS DE SALUD O POSTAS DE SALUD;NAUTA;00007203;Puesto de Salud;9593035.864522;193624.360773
AMAZONAS;CONDORCANQUI;RIO SANTIAGO;PUESTOS DE SALUD O POSTAS DE SALUD;PAPAYACU;00005186;Puesto de Salud;9656302.295798;185423.233703
AMAZONAS;CONDORCANQUI;RIO SANTIAGO;PUESTOS DE SALUD O POSTAS DE SALUD;PASHKUS;00006663;Puesto de Salud;9603869.842553;155514.465434
AMAZONAS;CONDORCANQUI;RIO SANTIAGO;PUESTOS DE SALUD O POSTAS DE SALUD;SAN RAFAEL;00005187;Puesto de Salud;9519137.145445;200616.188960
AMAZONAS;CONDORCANQUI;RIO SANTIAGO;PUESTOS DE SALUD O POSTAS DE SALUD;SHEBONAL;00030334;Puesto de Salud;9586202.341150;184929.688827
AMAZONAS;CONDORCANQUI;RIO SANTIAGO;PUESTOS DE SALUD O POSTAS DE SALUD;SHIRINGA;00023135;Puesto de Salud;9554772.188699;191536.592415
AMAZONAS;CONDORCANQUI;RIO SANTIAGO;PUESTOS DE SALUD O POSTAS DE SALUD;VILLA GONZALO;00005179;Puesto de Salud;9563490.870837;194319.129361
AMAZONAS;CONDORCANQUI;RIO SANTIAGO;PUESTOS DE SALUD O POSTAS DE SALUD;YUJACKIM;00005182;Puesto de Salud;9535323.942676;184237.460561
AMAZONAS;LUYA;CAMPORREDONDO;PUESTOS DE SALUD O POSTAS DE SALUD;EL PALTO;00007181;Puesto de Salud;9312894.638116;134410.282815
AMAZONAS;LUYA;CAMPORREDONDO;PUESTOS DE SALUD O POSTAS DE SALUD;GUADALUPE;00004875;Puesto de Salud;9315060.313621;128379.285052
AMAZONAS;LUYA;CAMPORREDONDO;PUESTOS DE SALUD O POSTAS DE SALUD;LA LIBERTAD;00007333;Puesto de Salud;9315348.157549;131890.507511
AMAZONAS;LUYA;COCABAMBA;PUESTOS DE SALUD O POSTAS DE SALUD;BALERIANA;00007206;Puesto de Salud;9288290.015323;172220.354528
AMAZONAS;LUYA;COCABAMBA;PUESTOS DE SALUD O POSTAS DE SALUD;BUENA VISTA;00007334;Puesto de Salud;9288290.015323;172220.354528
AMAZONAS;LUYA;COCABAMBA;PUESTOS DE SALUD O POSTAS DE SALUD;CHUILON;00007066;Puesto de Salud;9271175.471596;157409.232279
AMAZONAS;LUYA;COCABAMBA;PUESTOS DE SALUD O POSTAS DE SALUD;MENDAN;00004894;Puesto de Salud;9273598.742884;153652.039610
AMAZONAS;LUYA;COCABAMBA;PUESTOS DE SALUD O POSTAS DE SALUD;QUISQUIS;00004893;Puesto de Salud;9276148.031421;159504.261172
AMAZONAS;LUYA;COCABAMBA;PUESTOS DE SALUD O POSTAS DE SALUD;YOMBLON DE COCABAMBA;00004886;Puesto de Salud;9288290.015323;172220.354528
AMAZONAS;LUYA;COLCAMAR;PUESTOS DE SALUD O POSTAS DE SALUD;COCHA;00009670;Puesto de Salud;9300633.165412;172382.003102
AMAZONAS;LUYA;COLCAMAR;PUESTOS DE SALUD O POSTAS DE SALUD;PONAYA;00004896;Puesto de Salud;9302761.468982;174872.973810
AMAZONAS;LUYA;COLCAMAR;PUESTOS DE SALUD O POSTAS DE SALUD;QUILLILLIC;00006987;Puesto de Salud;9297857.156645;172796.525151
AMAZONAS;LUYA;CONILA;PUESTOS DE SALUD O POSTAS DE SALUD;CONILA COHECHAN;00004863;Puesto de Salud;9314976.863557;166130.605212
AMAZONAS;LUYA;CONILA;PUESTOS DE SALUD O POSTAS DE SALUD;NUEVO LUYA;00007274;Puesto de Salud;9310788.141097;167306.553089
AMAZONAS;LUYA;CONILA;PUESTOS DE SALUD O POSTAS DE SALUD;SAN ISIDRO DE QUIUCMAL;00004931;Puesto de Salud;9326108.792557;148038.333415
AMAZONAS;LUYA;INGUILPATA;PUESTOS DE SALUD O POSTAS DE SALUD;INGUILPATA;00004864;Puesto de Salud;9309391.551345;172853.069807
AMAZONAS;LUYA;LAMUD;PUESTOS DE SALUD O POSTAS DE SALUD;CENTRO DE ATENCI?ÙN PRIMARIA I LAMUD;00009071;Puesto de Salud;9320685.187891;173421.699272
AMAZONAS;LUYA;LAMUD;PUESTOS DE SALUD O POSTAS DE SALUD;CUEMAL;00007379;Puesto de Salud;9322791.965935;170075.188792
AMAZONAS;LUYA;LONGUITA;PUESTOS DE SALUD O POSTAS DE SALUD;CHOCTAMAL;00004898;Puesto de Salud;9292592.095816;169637.440859
AMAZONAS;LUYA;LONGUITA;PUESTOS DE SALUD O POSTAS DE SALUD;LONGUITA;00004897;Puesto de Salud;9290157.009725;171578.371008
AMAZONAS;LUYA;LONYA CHICO;PUESTOS DE SALUD O POSTAS DE SALUD;CAMELIN;00013019;Puesto de Salud;9312228.129374;169425.297580
AMAZONAS;LUYA;LONYA CHICO;PUESTOS DE SALUD O POSTAS DE SALUD;LONYA CHICO;00004865;Puesto de Salud;9310388.115067;172913.942727
AMAZONAS;LUYA;LONYA CHICO;PUESTOS DE SALUD O POSTAS DE SALUD;SAN PEDRO Y SAN PABLO;00009674;Puesto de Salud;9309062.053298;150422.288682
AMAZONAS;LUYA;LUYA;PUESTOS DE SALUD O POSTAS DE SALUD;CHOCTA;00004867;Puesto de Salud;9317038.661459;164678.641858
AMAZONAS;LUYA;LUYA;PUESTOS DE SALUD O POSTAS DE SALUD;COLMATA;00007332;Puesto de Salud;9315772.289324;169770.917799
AMAZONAS;LUYA;LUYA;PUESTOS DE SALUD O POSTAS DE SALUD;COROBAMBA;00007380;Puesto de Salud;9318708.184223;170219.787266
AMAZONAS;LUYA;LUYA;PUESTOS DE SALUD O POSTAS DE SALUD;SHIPATA;00007063;Puesto de Salud;9317483.239198;166947.314252
AMAZONAS;LUYA;LUYA VIEJO;PUESTOS DE SALUD O POSTAS DE SALUD;LUYA VIEJO;00004851;Puesto de Salud;9320238.624089;164815.596607
AMAZONAS;LUYA;OCALLI;PUESTOS DE SALUD O POSTAS DE SALUD;CELCHO CUZCO;00007153;Puesto de Salud;9308663.411619;141306.421670
AMAZONAS;LUYA;OCALLI;PUESTOS DE SALUD O POSTAS DE SALUD;POSTA MEDICA OCALLI;00009074;Puesto de Salud;9309586.786337;138431.000120
AMAZONAS;LUYA;OCALLI;PUESTOS DE SALUD O POSTAS DE SALUD;QUISPE;00004877;Puesto de Salud;9312763.452823;136461.108285
AMAZONAS;LUYA;OCALLI;PUESTOS DE SALUD O POSTAS DE SALUD;TACTAMAL;00007059;Puesto de Salud;9307817.713267;144225.527147
AMAZONAS;LUYA;OCUMAL;PUESTOS DE SALUD O POSTAS DE SALUD;CALDERA;00004845;Puesto de Salud;9302921.742930;143867.836929
AMAZONAS;LUYA;OCUMAL;PUESTOS DE SALUD O POSTAS DE SALUD;SAN JUAN DE OCUMAL;00004844;Puesto de Salud;9305389.098610;149037.440468
AMAZONAS;LUYA;OCUMAL;PUESTOS DE SALUD O POSTAS DE SALUD;VISTA HERMOSA DE OCUMAL;00007244;Puesto de Salud;9300085.619483;156325.105378
AMAZONAS;LUYA;OCUMAL;PUESTOS DE SALUD O POSTAS DE SALUD;YAULICACHI;00007060;Puesto de Salud;9302130.460423;153931.317962
AMAZONAS;LUYA;PISUQUIA;PUESTOS DE SALUD O POSTAS DE SALUD;EL REJO;00007419;Puesto de Salud;9292323.106199;156006.268065
AMAZONAS;LUYA;PISUQUIA;PUESTOS DE SALUD O POSTAS DE SALUD;HUARANGUILLO;00004848;Puesto de Salud;9297387.744240;137122.558187
AMAZONAS;LUYA;PISUQUIA;PUESTOS DE SALUD O POSTAS DE SALUD;MEMBRILLO;00009894;Puesto de Salud;9290931.591131;156568.436018
AMAZONAS;LUYA;PISUQUIA;PUESTOS DE SALUD O POSTAS DE SALUD;PIRCAPAMPA;00004846;Puesto de Salud;9298777.065545;145045.536140
AMAZONAS;LUYA;PISUQUIA;PUESTOS DE SALUD O POSTAS DE SALUD;PISUQUIA;00004902;Puesto de Salud;9289440.296185;155281.737815
AMAZONAS;LUYA;PISUQUIA;PUESTOS DE SALUD O POSTAS DE SALUD;PUEBLO NUEVO;00009671;Puesto de Salud;9294150.369373;152451.007730
AMAZONAS;LUYA;PISUQUIA;PUESTOS DE SALUD O POSTAS DE SALUD;SAN MIGUEL DE PORO PORO;00004847;Puesto de Salud;9296767.079676;145866.607365
AMAZONAS;LUYA;PISUQUIA;PUESTOS DE SALUD O POSTAS DE SALUD;SAN RAMON;00007065;Puesto de Salud;9283025.050965;154435.077472
AMAZONAS;LUYA;PISUQUIA;PUESTOS DE SALUD O POSTAS DE SALUD;TRIBULON;00004901;Puesto de Salud;9293325.937583;153419.617870
AMAZONAS;LUYA;PISUQUIA;PUESTOS DE SALUD O POSTAS DE SALUD;YOMBLON DE PISUQUIA;00004900;Puesto de Salud;9286090.257191;157827.023153
AMAZONAS;LUYA;PROVIDENCIA;PUESTOS DE SALUD O POSTAS DE SALUD;NUEVO CHOTA;00007061;Puesto de Salud;9301339.405842;135169.875467
AMAZONAS;LUYA;PROVIDENCIA;PUESTOS DE SALUD O POSTAS DE SALUD;PLAYA JUMETH;00009130;Puesto de Salud;9306103.678097;137411.167437
AMAZONAS;LUYA;PROVIDENCIA;PUESTOS DE SALUD O POSTAS DE SALUD;PROVIDENCIA;00004849;Puesto de Salud;9303049.563047;141263.588029
AMAZONAS;LUYA;SAN CRISTOBAL;PUESTOS DE SALUD O POSTAS DE SALUD;SAN CRISTOBAL DE OLTO;00004852;Puesto de Salud;9324519.153872;172148.626437
AMAZONAS;LUYA;SAN FRANCISCO DEL YESO;PUESTOS DE SALUD O POSTAS DE SALUD;SAN FRANCISCO DEL YESO;00004862;Puesto de Salud;9264334.498357;189028.959265
AMAZONAS;LUYA;SAN JERONIMO;PUESTOS DE SALUD O POSTAS DE SALUD;PACLAS;00004853;Puesto de Salud;9329404.409360;170814.327823
AMAZONAS;LUYA;SAN JUAN DE LOPECANCHA;PUESTOS DE SALUD O POSTAS DE SALUD;EL MANGO;00004911;Puesto de Salud;9279512.001257;181781.279051
AMAZONAS;LUYA;SAN JUAN DE LOPECANCHA;PUESTOS DE SALUD O POSTAS DE SALUD;SAN JUAN DE LOPECANCHA;00004910;Puesto de Salud;9280926.255641;183289.884374
AMAZONAS;LUYA;SANTA CATALINA;PUESTOS DE SALUD O POSTAS DE SALUD;INGENIO;00004914;Puesto de Salud;9335405.587022;151320.198114
AMAZONAS;LUYA;SANTA CATALINA;PUESTOS DE SALUD O POSTAS DE SALUD;SAN JUAN DE PROVIDENCIA;00009844;Puesto de Salud;9330632.322004;151037.443366
AMAZONAS;LUYA;SANTA CATALINA;PUESTOS DE SALUD O POSTAS DE SALUD;SANTA CATALINA;00004854;Puesto de Salud;9323316.861038;161053.045398
AMAZONAS;LUYA;SANTO TOMAS;PUESTOS DE SALUD O POSTAS DE SALUD;AGUA SANTA;00007172;Puesto de Salud;9279176.421213;177310.749133
AMAZONAS;LUYA;SANTO TOMAS;PUESTOS DE SALUD O POSTAS DE SALUD;EL PUENTE;00025129;Puesto de Salud;9274029.886707;187048.245167
AMAZONAS;LUYA;SANTO TOMAS;PUESTOS DE SALUD O POSTAS DE SALUD;LLACTAPAMPA;00004890;Puesto de Salud;9282804.785981;176924.473786
AMAZONAS;LUYA;SANTO TOMAS;PUESTOS DE SALUD O POSTAS DE SALUD;MARAYPATA;00004889;Puesto de Salud;9279325.867000;180199.286615
AMAZONAS;LUYA;SANTO TOMAS;PUESTOS DE SALUD O POSTAS DE SALUD;SAN SALVADOR;00004888;Puesto de Salud;9274796.219521;181675.404504
AMAZONAS;LUYA;SANTO TOMAS;PUESTOS DE SALUD O POSTAS DE SALUD;TINTIN;00007381;Puesto de Salud;9268805.004548;184974.979677
AMAZONAS;LUYA;TINGO;PUESTOS DE SALUD O POSTAS DE SALUD;KUELAP;00007064;Puesto de Salud;9289467.589569;176808.777924
AMAZONAS;LUYA;TRITA;PUESTOS DE SALUD O POSTAS DE SALUD;CRUZPATA;00007062;Puesto de Salud;9318009.565224;164108.080672
AMAZONAS;LUYA;TRITA;PUESTOS DE SALUD O POSTAS DE SALUD;TRITA;00004855;Puesto de Salud;9319606.921129;166647.279285
AMAZONAS;RODRIGUEZ DE MENDOZA;CHIRIMOTO;PUESTOS DE SALUD O POSTAS DE SALUD;ACHAMAL;00006990;Puesto de Salud;9277402.477763;233202.665424
AMAZONAS;RODRIGUEZ DE MENDOZA;CHIRIMOTO;PUESTOS DE SALUD O POSTAS DE SALUD;CHIRIMOTO;00004953;Puesto de Salud;9278681.313783;229943.138063
AMAZONAS;RODRIGUEZ DE MENDOZA;CHIRIMOTO;PUESTOS DE SALUD O POSTAS DE SALUD;LUZ DEL ORIENTE;00007075;Puesto de Salud;9273734.182156;238907.536523
AMAZONAS;RODRIGUEZ DE MENDOZA;CHIRIMOTO;PUESTOS DE SALUD O POSTAS DE SALUD;SAN ANTONIO;00007077;Puesto de Salud;9265006.790563;241670.328902
AMAZONAS;RODRIGUEZ DE MENDOZA;CHIRIMOTO;PUESTOS DE SALUD O POSTAS DE SALUD;SANTO TORIBIO;00007201;Puesto de Salud;9273546.948208;236750.839046
AMAZONAS;RODRIGUEZ DE MENDOZA;COCHAMAL;PUESTOS DE SALUD O POSTAS DE SALUD;COCHAMAL;00004942;Puesto de Salud;9290911.183897;214841.500814
AMAZONAS;RODRIGUEZ DE MENDOZA;HUAMBO;PUESTOS DE SALUD O POSTAS DE SALUD;CHONTAPAMPA;00007445;Puesto de Salud;9289673.112949;217305.125703
AMAZONAS;RODRIGUEZ DE MENDOZA;HUAMBO;PUESTOS DE SALUD O POSTAS DE SALUD;NUEVO HORIZONTE;00006989;Puesto de Salud;9289767.284617;222927.737431
AMAZONAS;RODRIGUEZ DE MENDOZA;LIMABAMBA;PUESTOS DE SALUD O POSTAS DE SALUD;MONTEALEGRE;00007074;Puesto de Salud;9280951.717831;223590.876574
AMAZONAS;RODRIGUEZ DE MENDOZA;LONGAR;PUESTOS DE SALUD O POSTAS DE SALUD;SHUCUSH;00011727;Puesto de Salud;9292631.358357;215840.236311
AMAZONAS;RODRIGUEZ DE MENDOZA;MARISCAL BENAVIDES;PUESTOS DE SALUD O POSTAS DE SALUD;MICHINA;00007335;Puesto de Salud;9294372.006573;221001.281902
AMAZONAS;RODRIGUEZ DE MENDOZA;MILPUC;PUESTOS DE SALUD O POSTAS DE SALUD;CHONTAPAMPA DE MILPUC;00007446;Puesto de Salud;9281486.377660;233448.742824
AMAZONAS;RODRIGUEZ DE MENDOZA;MILPUC;PUESTOS DE SALUD O POSTAS DE SALUD;MILPUC;00004956;Puesto de Salud;9280907.690330;230441.434985
AMAZONAS;RODRIGUEZ DE MENDOZA;OMIA;PUESTOS DE SALUD O POSTAS DE SALUD;EL DORADO;00007054;Puesto de Salud;9273546.948208;236750.839046
AMAZONAS;RODRIGUEZ DE MENDOZA;OMIA;PUESTOS DE SALUD O POSTAS DE SALUD;EL GUAMBO;00007382;Puesto de Salud;9273546.948208;236750.839046
AMAZONAS;RODRIGUEZ DE MENDOZA;OMIA;PUESTOS DE SALUD O POSTAS DE SALUD;EL LIBANO;00006991;Puesto de Salud;9291363.206895;244713.470038
AMAZONAS;RODRIGUEZ DE MENDOZA;OMIA;PUESTOS DE SALUD O POSTAS DE SALUD;JAVRULOT;00011725;Puesto de Salud;9285631.732891;242149.786334
AMAZONAS;RODRIGUEZ DE MENDOZA;OMIA;PUESTOS DE SALUD O POSTAS DE SALUD;LA PRIMAVERA;00007073;Puesto de Salud;9285631.732891;242149.786334
AMAZONAS;RODRIGUEZ DE MENDOZA;OMIA;PUESTOS DE SALUD O POSTAS DE SALUD;LEGIA CHICO;00004948;Puesto de Salud;9269788.656479;242167.810629
AMAZONAS;RODRIGUEZ DE MENDOZA;OMIA;PUESTOS DE SALUD O POSTAS DE SALUD;MASHUYACU;00011723;Puesto de Salud;9278926.370520;251729.659666
AMAZONAS;RODRIGUEZ DE MENDOZA;OMIA;PUESTOS DE SALUD O POSTAS DE SALUD;NUEVO CHACHAPOYAS;00007076;Puesto de Salud;9273546.948208;236750.839046
AMAZONAS;RODRIGUEZ DE MENDOZA;OMIA;PUESTOS DE SALUD O POSTAS DE SALUD;NUEVO OMIA;00011169;Puesto de Salud;9297572.796141;242914.664047
AMAZONAS;RODRIGUEZ DE MENDOZA;OMIA;PUESTOS DE SALUD O POSTAS DE SALUD;PAUJIL;00014169;Puesto de Salud;9278926.370520;251729.659666
AMAZONAS;RODRIGUEZ DE MENDOZA;OMIA;PUESTOS DE SALUD O POSTAS DE SALUD;TOCUYA;00004949;Puesto de Salud;9283321.723274;237866.660231
AMAZONAS;RODRIGUEZ DE MENDOZA;OMIA;PUESTOS DE SALUD O POSTAS DE SALUD;VISTA HERMOZA DE OMIA;00007252;Puesto de Salud;9273546.948208;236750.839046
AMAZONAS;RODRIGUEZ DE MENDOZA;SANTA ROSA;PUESTOS DE SALUD O POSTAS DE SALUD;SANTA ROSA;00004957;Puesto de Salud;9286164.809831;228446.157909
AMAZONAS;RODRIGUEZ DE MENDOZA;VISTA ALEGRE;PUESTOS DE SALUD O POSTAS DE SALUD;SALAS;00007057;Puesto de Salud;9315273.277792;252978.045688
AMAZONAS;RODRIGUEZ DE MENDOZA;VISTA ALEGRE;PUESTOS DE SALUD O POSTAS DE SALUD;VISTA ALEGRE;00004940;Puesto de Salud;9355298.128924;171362.388480
AMAZONAS;UTCUBAMBA;BAGUA GRANDE;PUESTOS DE SALUD O POSTAS DE SALUD;ALTO PERU;00007198;Puesto de Salud;9345803.693932;118132.059094
AMAZONAS;UTCUBAMBA;BAGUA GRANDE;PUESTOS DE SALUD O POSTAS DE SALUD;BUENA VISTA;00005128;Puesto de Salud;9351848.478579;112471.923726
AMAZONAS;UTCUBAMBA;BAGUA GRANDE;PUESTOS DE SALUD O POSTAS DE SALUD;CAMPO ALEGRE;00014078;Puesto de Salud;9350897.973264;118144.948827
AMAZONAS;UTCUBAMBA;BAGUA GRANDE;PUESTOS DE SALUD O POSTAS DE SALUD;EL BALCON;00007726;Puesto de Salud;9348270.098903;115832.343323
AMAZONAS;UTCUBAMBA;BAGUA GRANDE;PUESTOS DE SALUD O POSTAS DE SALUD;EL PINTOR;00007200;Puesto de Salud;9361570.665836;110415.110721
AMAZONAS;UTCUBAMBA;BAGUA GRANDE;PUESTOS DE SALUD O POSTAS DE SALUD;EL PORVENIR DE MIRAFLORES;00007272;Puesto de Salud;9351077.808856;124021.340945
AMAZONAS;UTCUBAMBA;BAGUA GRANDE;PUESTOS DE SALUD O POSTAS DE SALUD;JAHUANGA;00005131;Puesto de Salud;9360453.170754;105252.816030
AMAZONAS;UTCUBAMBA;BAGUA GRANDE;PUESTOS DE SALUD O POSTAS DE SALUD;LA PALMA;00013126;Puesto de Salud;9342718.155195;135181.701115
AMAZONAS;UTCUBAMBA;BAGUA GRANDE;PUESTOS DE SALUD O POSTAS DE SALUD;MAVILA MONTENEGRO MORI;00011971;Puesto de Salud;9362467.826179;119516.337761
AMAZONAS;UTCUBAMBA;BAGUA GRANDE;PUESTOS DE SALUD O POSTAS DE SALUD;MORROPON;00007225;Puesto de Salud;9363139.547313;108009.345345
AMAZONAS;UTCUBAMBA;BAGUA GRANDE;PUESTOS DE SALUD O POSTAS DE SALUD;NUEVA INDEPENDENCIA;00007363;Puesto de Salud;9346907.019240;130178.480242
AMAZONAS;UTCUBAMBA;BAGUA GRANDE;PUESTOS DE SALUD O POSTAS DE SALUD;NUEVO ORIENTE;00006718;Puesto de Salud;9347413.351234;124176.661171
AMAZONAS;UTCUBAMBA;BAGUA GRANDE;PUESTOS DE SALUD O POSTAS DE SALUD;PLAYA GRANDE;00009282;Puesto de Salud;9343365.959383;126906.795715
AMAZONAS;UTCUBAMBA;BAGUA GRANDE;PUESTOS DE SALUD O POSTAS DE SALUD;PONA ALTA;00005133;Puesto de Salud;9347656.528647;125927.178278
AMAZONAS;UTCUBAMBA;BAGUA GRANDE;PUESTOS DE SALUD O POSTAS DE SALUD;PROGRESO SAN ANTONIO;00006717;Puesto de Salud;9340090.018053;132680.786320
AMAZONAS;UTCUBAMBA;BAGUA GRANDE;PUESTOS DE SALUD O POSTAS DE SALUD;PUEBLO LIBRE;00005137;Puesto de Salud;9345217.292926;129079.857518
AMAZONAS;UTCUBAMBA;BAGUA GRANDE;PUESTOS DE SALUD O POSTAS DE SALUD;Puesto de Salud Establecimiento Penal Bagua Grande;00026956;Puesto de Salud;9362444.767715;117531.027835
AMAZONAS;UTCUBAMBA;BAGUA GRANDE;PUESTOS DE SALUD O POSTAS DE SALUD;ROSAPAMPA;00005138;Puesto de Salud;9343500.453379;118168.544972
AMAZONAS;UTCUBAMBA;BAGUA GRANDE;PUESTOS DE SALUD O POSTAS DE SALUD;SACHAPOYAS;00007725;Puesto de Salud;9346167.336994;125049.147652
AMAZONAS;UTCUBAMBA;BAGUA GRANDE;PUESTOS DE SALUD O POSTAS DE SALUD;SAN LUIS;00007285;Puesto de Salud;9361742.434548;120430.220019
AMAZONAS;UTCUBAMBA;BAGUA GRANDE;PUESTOS DE SALUD O POSTAS DE SALUD;SANTA CLARA;00006920;Puesto de Salud;9348070.028870;119293.498279
AMAZONAS;UTCUBAMBA;BAGUA GRANDE;PUESTOS DE SALUD O POSTAS DE SALUD;TOMOCHO;00005127;Puesto de Salud;9351987.216519;120600.224399
AMAZONAS;UTCUBAMBA;BAGUA GRANDE;PUESTOS DE SALUD O POSTAS DE SALUD;VISTA HERMOSA;00006805;Puesto de Salud;9350964.776506;120007.626369
AMAZONAS;UTCUBAMBA;CAJARURO;PUESTOS DE SALUD O POSTAS DE SALUD;ALTO UTCUBAMBA;00007242;Puesto de Salud;9382541.284170;167440.300661
AMAZONAS;UTCUBAMBA;CAJARURO;PUESTOS DE SALUD O POSTAS DE SALUD;BUENOS AIRES;00005102;Puesto de Salud;9371521.509822;130022.567275
AMAZONAS;UTCUBAMBA;CAJARURO;PUESTOS DE SALUD O POSTAS DE SALUD;CHALACO;00006662;Puesto de Salud;9365237.722507;138698.684845
AMAZONAS;UTCUBAMBA;CAJARURO;PUESTOS DE SALUD O POSTAS DE SALUD;CHUNGUINA;00007207;Puesto de Salud;9363660.295976;122625.970268
AMAZONAS;UTCUBAMBA;CAJARURO;PUESTOS DE SALUD O POSTAS DE SALUD;DIAMANTE ALTO;00005097;Puesto de Salud;9369269.389296;129281.338135
AMAZONAS;UTCUBAMBA;CAJARURO;PUESTOS DE SALUD O POSTAS DE SALUD;DIAMANTE BAJO;00007205;Puesto de Salud;9367929.911551;129344.578569
AMAZONAS;UTCUBAMBA;CAJARURO;PUESTOS DE SALUD O POSTAS DE SALUD;EL TIGRE;00005098;Puesto de Salud;9363291.488366;133353.207874
AMAZONAS;UTCUBAMBA;CAJARURO;PUESTOS DE SALUD O POSTAS DE SALUD;LA UNION;00007259;Puesto de Salud;9367579.025802;135701.944704
AMAZONAS;UTCUBAMBA;CAJARURO;PUESTOS DE SALUD O POSTAS DE SALUD;LOS PATOS;00005109;Puesto de Salud;9351488.582495;148789.683679
AMAZONAS;UTCUBAMBA;CAJARURO;PUESTOS DE SALUD O POSTAS DE SALUD;LUNCHICATE;00005100;Puesto de Salud;9363418.915130;136247.053961
AMAZONAS;UTCUBAMBA;CAJARURO;PUESTOS DE SALUD O POSTAS DE SALUD;MISQUIYACU ALTO;00005094;Puesto de Salud;9364282.322721;130463.860430
AMAZONAS;UTCUBAMBA;CAJARURO;PUESTOS DE SALUD O POSTAS DE SALUD;MISQUIYACU BAJO;00005101;Puesto de Salud;9359225.387572;131047.966791
AMAZONAS;UTCUBAMBA;CAJARURO;PUESTOS DE SALUD O POSTAS DE SALUD;NUEVA ESPERANZA DE CAJARURO;00028971;Puesto de Salud;9363026.312025;120311.589675
AMAZONAS;UTCUBAMBA;CAJARURO;PUESTOS DE SALUD O POSTAS DE SALUD;NUEVO PIURA;00007284;Puesto de Salud;9362002.971937;132650.902816
AMAZONAS;UTCUBAMBA;CAJARURO;PUESTOS DE SALUD O POSTAS DE SALUD;SAN JOSE BAJO;00007729;Puesto de Salud;9367359.210782;122670.541231
AMAZONAS;UTCUBAMBA;CAJARURO;PUESTOS DE SALUD O POSTAS DE SALUD;SANTA ISABEL;00007258;Puesto de Salud;9365690.222785;130744.030823
AMAZONAS;UTCUBAMBA;CUMBA;PUESTOS DE SALUD O POSTAS DE SALUD;CHALLUAYACU DE CUMBA;00028665;Puesto de Salud;9342725.694654;94108.609785
AMAZONAS;UTCUBAMBA;CUMBA;PUESTOS DE SALUD O POSTAS DE SALUD;EL REJO;00006806;Puesto de Salud;9350675.549451;98692.846620
AMAZONAS;UTCUBAMBA;CUMBA;PUESTOS DE SALUD O POSTAS DE SALUD;HUALANGO;00005113;Puesto de Salud;9339220.219259;103425.248596
AMAZONAS;UTCUBAMBA;CUMBA;PUESTOS DE SALUD O POSTAS DE SALUD;LA FLOR;00007310;Puesto de Salud;9345155.853382;108443.943380
AMAZONAS;UTCUBAMBA;CUMBA;PUESTOS DE SALUD O POSTAS DE SALUD;MIRAFLORES;00006807;Puesto de Salud;9341723.099332;106813.528971
AMAZONAS;UTCUBAMBA;CUMBA;PUESTOS DE SALUD O POSTAS DE SALUD;OCTUCHO;00007364;Puesto de Salud;9335839.799484;104777.941383
AMAZONAS;UTCUBAMBA;CUMBA;PUESTOS DE SALUD O POSTAS DE SALUD;SAN MART?ÏN DE CUMBA;00028664;Puesto de Salud;9341745.795047;110361.958776
AMAZONAS;UTCUBAMBA;CUMBA;PUESTOS DE SALUD O POSTAS DE SALUD;TACTAGO;00005114;Puesto de Salud;9337590.405683;98112.944923
AMAZONAS;UTCUBAMBA;CUMBA;PUESTOS DE SALUD O POSTAS DE SALUD;VISTA ALEGRE DE CUMBA;00021483;Puesto de Salud;9338423.496088;106956.759659
AMAZONAS;UTCUBAMBA;CUMBA;PUESTOS DE SALUD O POSTAS DE SALUD;VISTA HERMOZA;00007250;Puesto de Salud;9342853.778564;101815.784131
AMAZONAS;UTCUBAMBA;EL MILAGRO;PUESTOS DE SALUD O POSTAS DE SALUD;EL REPOSO;00006789;Puesto de Salud;9366752.645535;99522.110514
AMAZONAS;UTCUBAMBA;EL MILAGRO;PUESTOS DE SALUD O POSTAS DE SALUD;SAN PEDRO DE LA PAPAYA;00005068;Puesto de Salud;9380248.723018;103987.760034
AMAZONAS;UTCUBAMBA;EL MILAGRO;PUESTOS DE SALUD O POSTAS DE SALUD;SIEMPRE VIVA;00006808;Puesto de Salud;9363218.114815;94119.250238
AMAZONAS;UTCUBAMBA;JAMALCA;PUESTOS DE SALUD O POSTAS DE SALUD;ASERRADERO;00005141;Puesto de Salud;9346635.339417;150025.596772
AMAZONAS;UTCUBAMBA;JAMALCA;PUESTOS DE SALUD O POSTAS DE SALUD;DUELAC;00006721;Puesto de Salud;9342036.730011;151248.975014
AMAZONAS;UTCUBAMBA;JAMALCA;PUESTOS DE SALUD O POSTAS DE SALUD;DUNIA GRANDE;00007197;Puesto de Salud;9337341.174198;150998.721739
AMAZONAS;UTCUBAMBA;JAMALCA;PUESTOS DE SALUD O POSTAS DE SALUD;EL LAUREL;00007243;Puesto de Salud;9343946.286301;136892.848842
AMAZONAS;UTCUBAMBA;JAMALCA;PUESTOS DE SALUD O POSTAS DE SALUD;EL SALAO;00005144;Puesto de Salud;9353711.400255;140583.353976
AMAZONAS;UTCUBAMBA;JAMALCA;PUESTOS DE SALUD O POSTAS DE SALUD;Puerto Naranjitos;00029069;Puesto de Salud;9355463.710186;137257.786673
AMAZONAS;UTCUBAMBA;JAMALCA;PUESTOS DE SALUD O POSTAS DE SALUD;PURURCO;00005143;Puesto de Salud;9347919.960752;138554.692156
AMAZONAS;UTCUBAMBA;JAMALCA;PUESTOS DE SALUD O POSTAS DE SALUD;SAN MARTIN DE PORRAS;00006720;Puesto de Salud;9342557.872341;149450.219063
AMAZONAS;UTCUBAMBA;JAMALCA;PUESTOS DE SALUD O POSTAS DE SALUD;VISTA HERMOSA;00006921;Puesto de Salud;9343694.092322;139189.254673
AMAZONAS;UTCUBAMBA;LONYA GRANDE;PUESTOS DE SALUD O POSTAS DE SALUD;HUAMBOYA;00007311;Puesto de Salud;9334089.456083;123826.244976
AMAZONAS;UTCUBAMBA;LONYA GRANDE;PUESTOS DE SALUD O POSTAS DE SALUD;LA UNION;00007204;Puesto de Salud;9332013.232176;114205.092172
AMAZONAS;UTCUBAMBA;LONYA GRANDE;PUESTOS DE SALUD O POSTAS DE SALUD;NUEVA YORK;00029703;Puesto de Salud;9330180.827690;123894.967888
AMAZONAS;UTCUBAMBA;LONYA GRANDE;PUESTOS DE SALUD O POSTAS DE SALUD;ORTIZ ARRIETA;00005122;Puesto de Salud;9331456.688136;124274.996605
AMAZONAS;UTCUBAMBA;LONYA GRANDE;PUESTOS DE SALUD O POSTAS DE SALUD;ROBLEPAMPA;00005121;Puesto de Salud;9329013.602790;123181.725998
AMAZONAS;UTCUBAMBA;LONYA GRANDE;PUESTOS DE SALUD O POSTAS DE SALUD;SAN FELIPE;00007184;Puesto de Salud;9330577.757655;121852.711066
AMAZONAS;UTCUBAMBA;LONYA GRANDE;PUESTOS DE SALUD O POSTAS DE SALUD;SAN MIGUEL;00005123;Puesto de Salud;9336813.648378;116746.825254
AMAZONAS;UTCUBAMBA;LONYA GRANDE;PUESTOS DE SALUD O POSTAS DE SALUD;SANTA ROSA DE JAIPE;00007182;Puesto de Salud;9317828.066241;130046.396515
AMAZONAS;UTCUBAMBA;LONYA GRANDE;PUESTOS DE SALUD O POSTAS DE SALUD;YUNGASUYO;00005124;Puesto de Salud;9318613.513536;126406.266025
AMAZONAS;UTCUBAMBA;LONYA GRANDE;PUESTOS DE SALUD O POSTAS DE SALUD;ZAPATALGO;00007199;Puesto de Salud;9327235.452252;113504.088882
AMAZONAS;UTCUBAMBA;YAMON;PUESTOS DE SALUD O POSTAS DE SALUD;MALLETA;00005118;Puesto de Salud;9328197.263564;101402.009469
AMAZONAS;UTCUBAMBA;YAMON;PUESTOS DE SALUD O POSTAS DE SALUD;PUEBLO NUEVO DE YAMON;00007141;Puesto de Salud;9331844.021061;110281.340351
AMAZONAS;UTCUBAMBA;YAMON;PUESTOS DE SALUD O POSTAS DE SALUD;SAN RAMON;00005119;Puesto de Salud;9338213.797592;117503.053149
AMAZONAS;UTCUBAMBA;YAMON;PUESTOS DE SALUD O POSTAS DE SALUD;YAMON;00005116;Puesto de Salud;9329888.019033;109240.737427
CAJAMARCA;SAN IGNACIO;HUARANGO;PUESTOS DE SALUD O POSTAS DE SALUD;PISAGUAS;00006995;Puesto de Salud;9418670.557407;96366.218123
